OCC2010,nat_emp_0,nat_lf_0,nat_unemp_0,nat_emp_nc_0,nat_lf_nc_0,nat_unemp_nc_0,for_emp_0,nat_hrs_0,n_nat_0,nat_emp_1,nat_lf_1,nat_unemp_1,nat_emp_nc_1,nat_lf_nc_1,nat_unemp_nc_1,for_emp_1,nat_hrs_1,n_nat_1,foreign_share,emp_tot,d_log_nat_emp,d_log_nat_emp_nc,d_log_for_emp,d_nat_unrate,d_nat_unrate_nc,d_nat_hrs
10,18352169.893100016,18708896.49070002,356726.5975999998,4345953.339700004,4429420.913100006,83467.57340000001,2723252.6920999996,44.85785242768726,5730,16921856.137600023,17069760.605000008,147904.4674,4376467.176999997,4405999.717599998,29532.5406,3127653.8099999996,44.92617882019528,5040,0.13896559648627396,63648030.67120021,-0.08114176884957303,0.0069966729352763934,0.13845613346436458,-0.010402510846493735,-0.01214110066205092,0.06832639250801975
20,15064617.959800001,15295782.890900007,231164.9311,7967545.2553,8082491.9146,114946.65930000001,1924202.1258000003,44.674651801931255,4627,13591203.01970002,13868371.040600022,277168.0208999999,6867522.257900006,6914472.362200007,46950.104300000006,1776735.2205,44.38652159483635,3981,0.11150101644728064,47609669.721799806,-0.10292606613894506,-0.14857306725021502,-0.07973386730271415,0.004872637377329321,-0.007431564607946516,-0.2881302070949019
40,496489.51889999985,512219.55849999975,15730.0396,77871.8908,77871.8908,0,102025.73339999998,42.73558301653501,153,477406.1600999999,502583.57149999985,25177.411399999997,60398.700799999984,60398.700799999984,0,23975.841900000003,40.567081038048215,118,0.1223525119346624,2062069.295600001,-0.03919475603586342,-0.25409745601325184,-1.4481783338017138,0.019386405201793556,0,-2.1685019784867947
50,11699671.80509998,12049781.85759999,350110.05249999993,3110469.1486000023,3135752.4784000027,25283.3298,1174683.3846,43.593028699066586,3368,11747133.618600002,12183888.071699992,436754.45310000016,3143883.6684999987,3264204.289299997,120320.6208,1464515.8406999998,42.20729250904055,3246,0.0959444881206223,41218210.15740021,0.004048472912860035,0.010685306315119547,0.22052605231290023,0.006791584389528118,0.028797705550415154,-1.3857361900260372
60,1394537.4169000005,1445902.2275000007,51364.810600000004,199753.51299999995,206481.81439999992,6728.301399999999,197079.90449999998,40.0321452801434,556,1513512.734700001,1576512.3323000006,62999.5976,151563.9599,169963.0058,18399.0459,84057.4267,41.06115347206476,423,0.09559744647016374,4684507.9271,0.08187050402447937,-0.2760764580601567,-0.8521090366500843,0.004436972114573952,0.07566779603978466,1.0290081919213563
100,2445261.524300002,2466159.447300002,20897.923000000003,1311842.7006999992,1326560.1951999993,14717.4945,272379.08940000006,41.20022603235156,819,2257846.709800003,2320200.0649000015,62353.355099999986,1283718.2541999994,1288848.5783999993,5130.3242,156924.76320000004,40.82609482207199,661,0.09496211627506752,7868147.232899994,-0.07974050428724055,-0.021672037578303716,-0.551428331810305,0.018400255252709566,-0.007113930763692079,-0.37413121027957175
110,7011494.421699991,7121013.049399992,109518.62769999998,1557192.597,1604627.7002999997,47435.1033,2404593.7791999993,43.088409512876694,2067,5486364.840700002,5634178.404500001,147813.56379999997,1879850.8669999999,1908548.6174999995,28697.750499999995,1539779.7932000011,42.96236089545834,1538,0.24084946747667657,27510883.1516999,-0.24528496833165292,0.18830786493441032,-0.44574156774110385,0.010855517076837254,-0.014525012405010886,-0.1260486174183555
120,14435511.454100037,14850707.509300038,415196.0551999999,4469268.493300001,4603687.244399997,134418.7511,2959599.068199997,42.61685715306676,4495,12839467.54970006,13139655.254300063,300187.70459999994,4209433.784600003,4314347.540700004,104913.75610000001,2393229.6616999987,42.807232951974946,3511,0.1591278199004454,50945802.71049972,-0.11716741470466374,-0.05989660152217802,-0.21241003261398284,-0.005112063693824966,-0.0048806536440099,0.19037579890818535
136,3500600.3239999977,3556737.0908999993,56136.766899999995,837356.3851999996,853970.6613999995,16614.2762,447752.3925999998,42.246643840157745,1019,2931913.2071000002,3127543.900999999,195630.69390000004,651172.6086000006,670577.2261000008,19404.6175,297598.82690000004,42.550032905521086,875,0.10078659949783972,11279164.230800018,-0.17727929328796144,-0.25147501779360226,-0.4084940234505794,0.046767681772057076,0.009481861028556197,0.30338906536334065
137,831051.2099000004,843400.1968000003,12348.9869,282740.15359999985,295089.1404999999,12348.9869,63248.598699999995,42.26951602960053,252,725957.7768999999,794466.1512999996,68508.3744,277529.13980000006,288925.19500000007,11396.055199999999,13445.1511,42.781275083283695,204,0.06410364463628786,2237163.6498000007,-0.13519956279156276,-0.018602354732232484,-1.5484544443852375,0.07159005469300594,-0.0024054007888565376,0.5117590536831642
140,2793873.9834000017,2883658.0716000027,89784.0882,1557990.0238000005,1618197.8823000002,60207.8585,414126.55480000004,44.54782312601271,900,3199283.223500002,3280520.541700002,81237.3182,1630513.361499998,1683408.504699998,52895.14319999999,597234.9266000001,44.446179381081784,905,0.13973565979891311,10225139.819400014,0.1354976348186625,0.04549836672038943,0.3661389328449154,-0.006371938419224087,-0.005785280024352968,-0.1016437449309251
150,2401707.766199996,2454840.3321999963,53132.56599999999,926762.241000001,948681.5054000008,21919.2644,288826.7853,42.09026127533994,774,2344585.2201999994,2433473.0047999993,88887.7846,788135.4549000001,837043.1140000002,48907.6591,263231.11,42.30236955245328,671,0.11658983558895364,8360058.443999968,-0.024071545684646978,-0.16202707830153784,-0.09279475804725656,0.014883129165151221,0.03532410299479034,0.21210827711333735
160,3937063.8888999964,3999961.9089999963,62898.020099999994,2839420.999299998,2882201.8904999983,42780.8912,697460.5994999997,43.07257403903732,1113,4161421.114399996,4183324.340299995,21903.2259,2707646.8182999995,2721829.6217999994,14182.803499999998,636677.7668,42.47778739340137,1079,0.12463939404250832,13382675.846700003,0.05542139033185656,-0.04752023296044072,-0.09118235694297994,-0.010488812618883766,-0.00963236691941882,-0.5947866456359492
205,9715275.447399987,9769577.862299988,54302.4149,6836254.756200008,6889602.506400007,53347.750199999995,591635.8209999998,44.16133664857507,4490,8858629.351400007,8909022.350100007,50392.998700000004,6013685.239900009,6048163.03600001,34477.7961,523965.29299999983,42.19709147664526,3711,0.06029110582467167,32364965.595,-0.0923073833174417,-0.12820228610916296,-0.12146583096667918,9.808309679965477e-5,-0.0020426860067581836,-1.9642451719298109
220,12042139.125499997,12235714.211499996,193575.08600000007,7974783.127200028,8119704.536900028,144921.40970000002,2226799.432500001,43.640307166227274,3864,11285423.755100003,11554629.285600003,269205.53050000005,7280047.9327,7449122.2878,169074.35510000002,2569044.3594999993,43.883404535939846,3532,0.15777551682511937,41378445.839200154,-0.06490013246908433,-0.09114700787063512,0.14296866272609599,0.007478002515403349,0.0048491046628779885,0.24309736971257223
230,11442805.584699994,11579549.098099992,136743.51340000003,1853697.6385,1884403.0274000003,30705.388899999998,1102603.1143999991,42.34055867874698,3554,10001817.902199978,10132122.74469998,130304.84250000004,1628328.1202000012,1632527.0409000013,4198.9207,1030560.9878000002,42.69216392255097,2984,0.08149456348861324,37348764.907800026,-0.13459433261003184,-0.1296285725068138,-0.0675705494418839,0.0010515135315073403,-0.013722453929449617,0.35160524380398783
300,2003394.1039999987,2021925.633699999,18531.5297,327852.1273000001,327852.1273000001,0,585045.0012,44.99433266581069,591,1675211.7792,1699033.3793,23821.6001,269173.7055999999,289697.56469999993,20523.8591,600607.6046,44.292525014187014,453,0.2272419648120051,7321877.473099992,-0.17890320156625172,-0.19720575840398702,0.02625304773925663,0.004855390622562218,0.07084581163550253,-0.7018076516236746
310,11139613.392200002,11484645.407499995,345032.01529999997,8608274.905500008,8931713.174500002,323438.26900000003,3471266.9799000015,42.80693495776001,3467,9770400.214399999,10080490.064899992,310089.8504999999,7448627.2563000135,7684035.176300014,235407.91999999993,3103408.8197000045,42.42240147705759,2694,0.2370612409982423,42654950.26610013,-0.13115010060797516,-0.14469418444333115,-0.11201852459699957,7.184897781265312e-4,-0.005576367531165381,-0.3845334807024159
340,1316108.469699999,1327451.4505999992,11342.9809,748933.7641999999,756440.7620999999,7506.997900000001,347258.9424999999,43.40447399857064,455,1001852.2192999999,1038912.083,37059.8637,581111.5236000003,612525.8456000001,31414.322,307028.7458999999,41.686218886302576,343,0.19607595056534732,4603885.756499999,-0.2728287472336248,-0.2537078577466918,-0.12312935558553129,0.027126868784386284,0.04136241938379744,-1.7182551122680607
350,8712358.76640001,8831214.188500011,118855.42209999997,2846810.7738000033,2900461.163300004,53650.389500000005,1025055.2594,42.20281378231892,2764,8544653.991599992,8819318.8195,274664.8279000001,2628144.0652999985,2686676.401399999,58532.336100000015,1397351.7458999997,42.594080023751715,2641,0.11386756195843284,29619663.51339997,-0.019436742249839156,-0.079921422477641,0.30983231244911913,0.017684982652771304,0.0032889575258404913,0.3912662414327954
360,515991.71400000027,540297.4505000003,24305.7365,78192.9992,78192.9992,0,110059.84030000003,40.71285655825934,147,337383.3377,346752.08629999997,9368.748599999999,66125.38849999999,66125.38849999999,0,120358.81480000001,39.98154866677009,95,0.18082437733388135,1450261.1521000003,-0.42487092273087335,-0.16762735384955185,0.0894531839842223,-0.017967264511444953,0,-0.7313078914892515
410,8460193.356500002,8579580.1238,119386.76729999998,4320744.042400002,4406048.821699998,85304.77929999997,1251139.3237999992,38.19483460419214,2709,8233168.229399999,8360500.803899995,127332.57450000002,4326345.851499996,4390106.025099997,63760.1736,1079064.412,38.27965551635839,2407,0.13609453325697496,30138497.607800037,-0.02720112707975808,0.0012956520522831028,-0.14796021471855703,0.0013150342261721779,-0.004837227106143947,0.08482091216625065
420,5348316.921399994,5459115.666499992,110798.74509999999,1434551.569099999,1480326.7518999996,45775.1828,505800.99880000006,40.523328205870975,1863,4611547.697900002,4752995.162300001,141447.4644,1104098.5542,1139493.4064000002,35394.8522,638078.4360999999,40.17563303998985,1436,0.08400385431396473,17032113.990299977,-0.14821839039124285,-0.2618230909947652,0.2323179074563555,0.009463550567208968,1.3956868825755128e-4,-0.34769516588112737
430,68121386.44230035,69479384.0627004,1357997.6203999992,27910866.772400003,28439911.48299999,529044.7105999999,12269662.59019999,42.4635976789021,21871,63281473.91029998,64699695.286000036,1418221.3757,25853277.883400016,26359642.270600036,506364.3872000003,12021894.791700007,42.13525475667675,18802,0.15398416134392967,240002791.5076017,-0.0736985934575145,-0.07657870613044793,-0.02040020631909556,0.0023747307935503073,6.07642735059772e-4,-0.328342922225346
500,496113.4543999999,509603.5946999998,13490.1403,153690.84619999997,163361.63979999998,9670.7936,53086.0745,40.73216370869068,155,688608.9287999999,719876.5170999999,31267.5883,230564.3918,250005.7573,19441.3655,82569.2304,41.42063155498278,162,0.05773499226787292,1566035.4309999996,0.32786887814135923,0.4055870879811394,0.4417224544260048,0.016962824064730625,0.01856499017806846,0.6884678462921059
520,1820747.3772000023,1866122.598900001,45375.2217,1119136.4503000004,1148535.5422000005,29399.091900000003,376684.58080000005,38.826782317247364,586,1299910.1666999992,1372588.2364999996,72678.0698,855163.8786999999,900353.6493999999,45189.7707,215282.0405,36.99680695517556,359,0.14955825848388113,6905536.775900003,-0.3369519040682274,-0.26901951881308683,-0.559459196825868,0.028634410725299576,0.024594109986006876,-1.8299753620718064
530,3087077.377099995,3112952.681199995,25875.3041,1445882.9672,1456935.0262000002,11052.059000000001,446342.8386000001,41.39462022199112,980,3019665.9874999993,3089506.9845999987,69840.99709999998,1333499.2843999988,1380571.8255999987,47072.5412,224713.3094000001,41.15644953373853,904,0.11217469860854584,10367043.931699991,-0.02207858556941389,-0.08091365690791363,-0.6862619438349977,0.01429372944448454,0.026510580363862425,-0.23817068825258758
540,4269690.4470999995,4367360.913300002,97670.4662,2145986.382499998,2231106.4415999977,85120.05910000001,179624.15339999998,41.99506064785693,1202,3547671.4916000003,3671804.824500001,124133.33290000001,1923378.2193999998,2020652.8231999995,97274.6038,371548.3579,41.13342815065407,947,0.06103044325243387,13331494.6122,-0.18524985936836025,-0.10951616943925124,0.7268123937644351,0.01144344403803391,0.009988685760549128,-0.8616324972028622
565,3503424.984200001,3571830.1392000015,68405.155,1195952.9099,1208521.5088000002,12568.5989,371092.96329999994,40.735623182435084,1115,3181690.1133000036,3241002.390700003,59312.277400000006,1195942.4944000002,1205270.5974,9328.103,386527.58550000004,41.27519148192622,951,0.1098923588171922,11281414.244300008,-0.09632851914990503,-8.708992861983234e-6,0.04075063190356687,-8.506934275261946e-4,-0.002660553152998499,0.5395682994911368
600,1585503.9761000008,1597166.6759000004,11662.6998,951535.9608999991,955321.2454999991,3785.2846,151324.45239999998,40.65627433256359,482,1441029.5923999983,1500928.6338999982,59899.0415,884726.0272999993,898797.1260999993,14071.098800000002,166112.97279999996,40.95235920084375,430,0.07602560169244654,5246161.591899992,-0.09554446995928423,-0.07279945651860231,0.09324189284767037,0.0326058695593627,0.011693162243368048,0.2960848682801611
630,10468038.035399979,10768078.710799975,300040.6754,3311932.1883999985,3453292.483899998,141360.29549999995,1211014.257999999,40.951389190899675,2975,9029864.235200007,9262346.117900008,232481.88270000005,3067661.285799999,3136816.728199998,69155.4424,963221.6622000006,40.52101301997531,2426,0.1142616893641446,34424382.57379997,-0.1477892856995453,-0.07661628666788722,-0.22892995309724462,-0.002764225067660348,-0.01888855628683074,-0.43037617092436875
640,634371.2320999997,637906.3382999996,3535.1062,300132.0946,302435.9599,2303.8653,43489.4881,41.232489118980645,206,828499.6491999998,848271.8533999997,19772.2042,317454.2401,317454.2401,0,57624.9855,41.01391033302101,197,0.14202040125689472,2118503.7286000033,0.26698209078500135,0.05611098919716895,0.2814369936715675,0.017767073794025826,-0.00761769632408054,-0.21857878595963598
650,1590524.3513,1630950.8731999996,40426.52189999999,718722.8491999998,742169.4389999998,23446.5898,217732.6279,40.773750817134456,500,1969734.2133000009,2043231.8507000005,73497.63739999999,834947.3873999997,864959.8065999998,30012.419200000004,198580.77419999996,40.3757310245251,581,0.09544861998022204,5409857.441700003,0.21383487398290235,0.14989289739192202,-0.09207189224857437,0.011184179051501267,0.003106087210888328,-0.39801979260935383
700,1994679.7341000002,2053543.6101000006,58863.876,1345183.4603000009,1370151.6401,24968.179799999998,275596.6996,42.18941989296068,527,1921710.0739000011,1967653.2439000006,45943.17,1035685.2346000004,1054098.3879000004,18413.1533,380561.61649999995,41.518333122595344,473,0.1268424042361785,6722378.445400006,-0.0372680500451974,-0.2614671353958169,0.3227095360613852,-0.005315315839160294,-7.547774198524392e-4,-0.6710867703653349
710,11060312.627499979,11400560.498499969,340247.87100000016,2252041.719200002,2311630.343800002,59588.624599999996,2032717.1894000005,39.086023923623934,3547,10278889.28110001,10511634.362900011,232745.0818,2084775.3498000004,2156975.5192000004,72200.1694,2273366.079299999,39.11417522982003,2908,0.17389183158967117,38556398.34550021,-0.07327105459163619,-0.07717613195901762,0.11188817248340754,-0.007703172569352091,0.007695125770489725,0.02815130619609363
725,1593206.7503999993,1658234.8101999995,65028.0598,660986.4336,691510.0825999998,30523.648999999998,244729.64570000002,38.20391089981855,501,2093669.4464000002,2142783.1748,49113.72839999999,670921.8706999999,695606.8450999998,24684.974400000003,305422.06369999994,38.51872106980813,555,0.1082786919048326,5672840.037999993,0.2731694331662702,0.01491937749695893,0.22154052111112854,-0.01629469909471695,-0.008653606664573044,0.31481016998957756
726,959937.7661000004,1003286.3843000002,43348.61819999999,93186.01780000002,93654.36670000003,468.3489,16344.1701,40.22475160071242,333,907766.2592000003,961342.9032000003,53576.644,131018.2297,147606.42569999996,16588.196,60923.3287,39.04213169274941,309,0.04813655973122226,3059244.3399,-0.055881533707799136,0.34073878470311136,1.3157449020962204,0.012524419750087432,0.10738043641156683,-1.1826199079630157
735,6170057.796899998,6413029.373000002,242971.57610000006,1211138.7404999996,1298399.8827999998,87261.1423,908737.4203000002,39.343516234412974,1744,4785380.976499997,5010938.548899999,225557.5724,1164966.6676999994,1212500.904499999,47534.2368,710170.0818999998,39.15546599207757,1239,0.11984931537867308,19220068.527900033,-0.2541425646314597,-0.03886854970350129,-0.24655169257164467,0.0071258624604516735,-0.02800321256213452,-0.18805024233540024
740,7098199.8865,7334472.0424000025,236272.1558999999,3165937.5013999976,3310156.4040999985,144218.90269999998,1146693.4512999996,39.94804819628788,2272,6351523.227199993,6636470.181499994,284946.95429999987,2702950.1105,2824415.426799998,121465.31629999998,1238215.6092000003,39.73169560924111,1825,0.1306835945001434,19950181.35040005,-0.11114655235101445,-0.15810541066881,0.07678877725136424,0.010722594737531815,-5.631355626394344e-4,-0.21635258704677085
800,17001442.546200003,17320974.644800033,319532.0985999999,1801157.1116,1866351.6262999994,65194.51470000001,3798624.5394999995,40.72807081613063,5169,15004966.393500006,15294386.458100008,289420.06460000004,1682911.2755999994,1701682.2250999995,18770.9495,3961292.186600004,40.436682459412154,4110,0.17283309149121326,60815618.73429986,-0.12491695691194948,-0.06790410233145394,0.041931243868075896,4.7558962924752063e-4,-0.023900708809013824,-0.2913883567184783
810,989179.7648,996992.1683,7812.4035,497960.1928999999,505772.5963999999,7812.4035,78401.6227,39.563140953446485,342,811658.1256999997,837287.5047999996,25629.3791,412355.22880000004,436610.9698000001,24255.740999999998,40544.5278,40.73756019562984,273,0.06571701369759868,3334315.9551999965,-0.19779685527019453,-0.18863495620517945,-0.6594438028364511,0.02277403745772335,0.040108109990655665,1.1744192421833546
820,460971.56219999987,471894.7279999999,10923.1658,97099.4983,107628.00320000002,10528.5049,122394.71199999997,42.122100463582335,142,483635.78879999986,483635.78879999986,0,85179.41020000003,85179.41020000003,0,50093.885299999994,41.50405518183906,144,0.13539169704190482,1648776.0703000005,0.04799576707300446,-0.13097646813512576,-0.8933522157886635,-0.02314746309265825,-0.09782309981571782,-0.618045281743278
830,395797.6352,403561.14540000015,7763.510200000001,98917.6332,106681.14340000002,7763.510200000001,57374.931,40.557580968541956,126,299153.62539999996,322281.49049999996,23127.8651,54734.026,54734.026,0,39107.603800000004,41.60082002302217,83,0.08645901304823449,1613736.7821000025,-0.279945819649452,-0.5918019523932418,-0.38329054709300614,0.0525254266749765,-0.07277303141465954,1.0432390544802175
840,3971309.390799995,4019654.471399995,48345.08060000001,546680.2384000003,553734.2092000003,7053.9708,917519.9621000001,42.61768523930118,1061,3498602.8867999953,3590394.3392999955,91791.45249999998,475660.3572000001,482448.86720000004,6788.51,1102677.7050000003,41.834665383480306,863,0.1678838420769285,14255175.921000011,-0.12673214807645294,-0.13915999393359435,0.18382244125651326,0.013538668254862045,0.0013320309568932136,-0.783019855820875
850,5790888.368799994,5842530.224499993,51641.8557,996640.0226999999,1012025.5623000001,15385.5396,847419.5288999996,41.81510064809138,1664,5545849.147599989,5706958.796899991,161109.64930000002,1033727.378,1077668.1764,43940.79840000001,813160.9300000003,41.53506337426379,1541,0.1299102905157907,18967524.548800033,-0.043235964779878344,0.03653671838199202,-0.04126684775744671,0.019391431959836603,0.025571240970732143,-0.28003727382758825
860,1203788.2851000004,1214523.9139000005,10735.6288,348392.556,348392.556,0,106951.0765,41.774338137712796,323,1248584.8275999995,1265104.6210999996,16519.7935,327682.764,327682.764,0,251384.87300000002,40.97387018178863,314,0.08150000435454703,4064383.758299998,0.03653728355771513,-0.061283921070284464,0.85461362237473,0.004218673237719109,0,-0.8004679559241694
910,3603805.311999996,3705389.1283999966,101583.81640000001,1638036.5977000021,1666855.3683000028,28818.770600000003,349330.96559999994,40.51487928682266,1131,3241915.4391000005,3299565.0593000003,57649.6202,1511996.4787999997,1545665.8745000002,33669.3957,501372.8800000002,42.38466225752652,939,0.09451612172577152,12582363.918300008,-0.10582597827846563,-0.0800673791808233,0.3613302973819881,-0.00994327008280669,0.004493796050796094,1.8697829707038593
930,634902.2494,634902.2494,0,320738.5587,320738.5587,0,102974.72420000001,40.595316379798454,184,466407.72090000036,503469.5861000003,37061.8652,302302.9772,325967.3584000001,23664.3812,43060.2305,40.75923169830545,134,0.09721682874362636,2252076.240599999,-0.30841085994572737,-0.059196582167892586,-0.871883717080868,0.07361291768801836,0.07259739538386857,0.16391531850699437
940,981661.1173000004,1125503.7859000002,143842.66860000003,356048.3482999999,443417.79099999997,87369.44270000003,246577.25290000008,37.84041450656415,351,1206931.2393999996,1295807.4822999996,88876.24290000001,514248.3574,587510.5613000003,73262.20390000001,389071.3765999999,37.04625152552043,347,0.22744745578126777,3952185.730599996,0.20659009689269325,0.367639802899534,0.4560874706181721,-0.059215382050358534,-0.07233701230538103,-0.7941629810437192
950,1301949.8958,1348805.7601000003,46855.86429999999,497107.72959999996,529561.921,32454.191399999996,251877.45669999995,43.01344143132961,403,1034077.4933999997,1053165.9922999998,19088.4989,398091.30600000004,401403.54600000003,3312.24,111962.17380000003,40.280830739568316,278,0.14798327329456337,4248613.707499994,-0.23035334201832391,-0.22212537133236232,-0.8107816059794484,-0.016613906232309822,-0.05303333327530935,-2.7326106917612947
1005,312014.1420999999,312014.1420999999,0,23141.575299999997,23141.575299999997,0,100728.6207,39.58557765374721,98,235266.29260000002,235266.29260000002,0,22804.1814,22804.1814,0,53576.77849999999,40.99224278003135,77,0.2855811445441347,1458201.9526,-0.28233048142285533,-0.014686882489000297,-0.6313142395578168,0,0,1.406665126284139
1006,5120495.963400003,5283515.883700002,163019.92030000003,1274597.4828000003,1355346.9097000007,80749.4269,1317099.2770000002,41.16424791323415,1460,4430440.5760999955,4645830.362499995,215389.78639999998,1230488.5312999997,1319822.7835999997,89334.25230000001,1564337.7593999999,41.51968476123772,1224,0.20060657497358897,18732996.108900014,-0.14475227025541137,-0.03521915855406199,0.17203077641359776,0.015507517430921155,0.008108131503678583,0.35543684800357056
1007,2513359.9963999987,2523159.819899998,9799.823499999999,720537.5709000007,721795.6262000008,1258.0553,421106.41470000014,42.060085619208536,712,2807415.1287000002,2881471.4215,74056.29280000001,537830.7154,552007.0538,14176.338399999999,527925.7344000001,40.56676147679225,700,0.13606055428404537,7820785.839799991,0.11064367502601336,-0.29245370441632623,0.2260700510174054,0.02181691094475037,0.023938492055127995,-1.4933241424162844
1010,3186311.242499997,3281769.201299997,95457.9588,926574.8718000004,976879.6988000004,50304.827000000005,981148.0972999998,40.99618253201815,926,2924707.4000999997,3037189.1486,112481.7485,914177.9636999996,964938.1074999996,50760.1438,1033859.7280000001,40.32062896510737,837,0.2663654820448935,14322098.43449998,-0.08566945586817454,-0.013469592757044069,0.052330972472820037,0.007947471601736266,0.0011091426588249326,-0.6755535669107857
1020,16405274.574800003,16974275.249099977,569000.6743000001,2878556.7258000015,2999880.0565,121323.33070000003,9418792.661400007,41.214458628199736,4761,16825905.5749,17422514.278099995,596608.7032000002,2727534.3684999966,2841806.559699998,114272.19119999997,10985057.071899999,41.38691624293592,4191,0.3819525563845032,78478964.98780008,0.02531679372019724,-0.053890992282832784,0.15382898846782567,7.221948527811051e-4,-2.3161892992464017e-4,0.1724576147361816
1030,1430420.2134000007,1483776.831600001,53356.6182,428702.73870000016,469895.7044000001,41192.9657,229970.603,39.41493465575003,439,1354738.8066000007,1460642.8978000002,105904.09119999998,437944.87379999977,507293.73769999977,69348.86389999998,189046.1555,37.64261004274835,390,0.1269242761605804,5675408.797199999,-0.05435958353548287,0.021329281584428372,-0.19596029347074584,0.03654511954417773,0.04903950685422381,-1.772324613001679
1050,6372948.41240001,6582535.817300008,209587.40489999996,3208825.3795000026,3339895.1495000036,131069.77000000003,1370089.4678000002,39.835426480974945,1910,5933379.704899993,6073711.341599996,140331.63670000003,2828592.002299999,2923784.6260999986,95192.6238,1273466.7894999997,40.42078954197609,1607,0.17995673551966884,24387229.938500028,-0.07146823755535614,-0.12612588262635605,-0.07313310570506282,-0.008735159658608226,-0.0066856630300185516,0.5853630610011464
1060,1162095.2623000003,1180724.7373000002,18629.475,249208.73099999994,249208.73099999994,0,501391.0652000003,42.93751782038346,364,1049859.3261999998,1116579.1594999996,66719.8333,303034.7318,305930.6033,2895.8715,340378.41309999995,42.61850767442406,291,0.2932391377534058,4892248.068899991,-0.10156845624838162,0.19555660292778754,-0.3873283874472424,0.04397578695062778,0.009465779064804008,-0.31901014595940325
1105,1766296.9058000015,1817802.3448000008,51505.439,726912.2401999998,772413.8759,45501.6357,396803.487,41.454976895694465,545,1496423.0863999992,1543737.8097999992,47314.723399999995,840092.4380999999,864967.6457999998,24875.2077,264752.04559999995,40.604557414582324,443,0.16919318240017434,6871046.2738999985,-0.16580756004690222,0.14470617588620094,-0.40464745218839226,0.0023155505319341838,-0.03014982010785372,-0.8504194811121408
1106,1173067.0600999992,1232045.9057999998,58978.84569999999,539511.1473000001,585402.2476999997,45891.100399999996,476186.76370000007,41.69543076545416,362,839358.2725999997,878871.8509999998,39513.5784,435003.54760000005,435003.54760000005,0,263151.78049999994,43.25931658827739,234,0.2290311633953915,4091716.284399997,-0.33473937807524656,-0.21530926030688846,-0.5930791601124881,-0.002911224908413834,-0.07839242261249012,1.5638858228232309
1107,11441716.337,11698958.997099994,257242.6601,4859940.623700007,5000419.820800006,140479.19710000002,3338004.905400002,40.60675498684735,3317,9423611.112799987,9766051.590199992,342440.4773999999,3807860.878500004,3903369.0761000034,95508.19760000003,2966456.2701000012,40.88487457465595,2612,0.21742099631241493,40352863.98970019,-0.19404764371831362,-0.24395863823770902,-0.11800522943715919,0.01307586461027676,-0.0036253363283459336,0.2781195878086038
1220,1689265.7336000022,1733520.5869000019,44254.8533,319911.83470000006,327827.55750000005,7915.7228000000005,274259.19509999995,40.02791565200432,560,1729482.3731000011,1753648.8799000012,24166.506800000003,345710.34089999995,345710.34089999995,0,112375.32489999998,40.8233688311678,467,0.1347294147532151,5405450.4648000095,0.02352820007530454,0.07755581814087087,-0.8922292427609513,-0.011748189548267413,-0.02414599571910607,0.7954531791634807
1240,3956779.703099996,4042002.6027999963,85222.8997,583033.5305000001,603284.3466000003,20250.8161,1126053.5554000002,40.62007233843963,1164,3829552.8413999984,4043791.0739999996,214238.2326,520949.52929999994,546351.2798,25401.7505,1946063.4182999996,40.15632699367353,1123,0.2276138990801391,15223675.515000014,-0.03268244336303994,-0.1125915341025916,0.5470894811786309,0.031895224513412285,0.01292582606332321,-0.46374534476609597
1300,2347485.1188000026,2409550.619900002,62065.501099999994,228633.2403,234441.3614,5808.1211,417239.74899999995,41.375417520881896,700,2525729.9265,2566484.385600001,40754.45909999999,270651.03859999997,274749.413,4098.3744,704982.0921999997,41.34653773263585,718,0.15837227023126638,8079505.49569998,0.07318550784292732,0.1687111617375816,0.5245114071195491,-0.009878634513714731,-0.00985752986969067,-0.028879788246044313
1310,535319.6978000003,539007.8405000002,3688.1427,92140.97940000001,95829.12210000001,3688.1427,71980.2589,43.297861428972915,178,402651.9052,402651.9052,0,81173.7994,81173.7994,0,36584.989499999996,42.714253972797685,119,0.09493577560852122,1621372.341599998,-0.2847917045227,-0.12672726131656908,-0.6767538661437875,-0.006842465773000196,-0.03848665853529717,-0.5836074561752298
1320,1872242.657899999,1872242.657899999,0,217599.821,217599.821,0,326493.44700000004,40.874966468780876,502,1873554.7061000012,1885989.8955000008,12435.189400000001,125572.88440000001,125572.88440000001,0,254007.56439999994,41.2004456540132,428,0.14831660302964186,6272123.991500011,7.005441705274507e-4,-0.5497713501793733,-0.2510458303935188,0.006593454943565998,0,0.3254791852323251
1350,776814.7671999997,776814.7671999997,0,55134.22670000001,55134.22670000001,0,133745.29890000002,42.65405605906712,216,676529.0533999994,687716.9228999995,11187.8695,40833.8466,40833.8466,0,307806.21929999994,41.6744179894743,190,0.14583745535495105,2843042.161499999,-0.13822653376931804,-0.3002593865051004,0.8335331901064862,0.016268131737724914,0,-0.9796380695928235
1360,4860155.236100002,4927565.648200001,67410.4121,605130.4030000004,605130.4030000004,0,1176912.2608999999,41.83944584462387,1543,4831823.642599998,4957271.278199999,125447.63559999997,513109.3808999998,531504.0099999997,18394.6291,1089865.9423999998,41.81366942159703,1420,0.19596108958059616,18272768.736199975,-0.005846416826482681,-0.1649549363820597,-0.0768395807561788,0.011625517210132077,0.03460863653690968,-0.02577642302684069
1400,756131.4448999998,771026.3585,14894.9136,206844.49489999996,206844.49489999996,0,319470.0527000001,40.53663415228591,203,560886.0447999999,560886.0447999999,0,135592.02670000002,135592.02670000002,0,372909.7539,41.14848396235972,140,0.34463113120945593,2964901.5734999985,-0.29869747379091294,-0.4223167049517791,0.15467290606510353,-0.0193182936430052,0,0.6118498100738066
1410,2346971.821200001,2411728.1088000014,64756.2876,483806.6219000002,493642.2388000002,9835.6169,872962.8140999995,41.64025318093082,742,2410780.6082000015,2457590.5828000023,46809.97459999999,459512.596,490276.377,30763.780999999995,918421.3269999998,41.38596079402667,651,0.2627385596824811,9765663.028300008,0.026824688383586093,-0.05151893152490672,0.05076328780360129,-0.007803475059526631,0.0428232492641157,-0.25429238690414735
1420,400834.6181000001,406456.32170000003,5621.7036,34048.0212,39669.7248,5621.7036,16761.273400000002,39.85825357271852,135,404354.10380000016,411121.59070000006,6767.4869,7460.545,7460.545,0,64020.27559999999,40.8651781071566,117,0.09589901009954684,1405813.620600001,0.008742070072804253,-1.518143448521906,1.3401287687491656,0.0026300197255263186,-0.1417126947147362,1.0069245344380846
1430,2645577.3501999984,2701360.2760999985,55782.9259,724517.2736999999,747419.9838999999,22902.710199999998,680773.2457999998,42.53769803368684,759,2420118.7618000023,2464622.9040000034,44504.1422,489446.9851,489446.9851,0,721011.6054999995,41.91582219218168,644,0.1899980702850323,9441475.710299969,-0.08907270725103444,-0.39222945179524515,0.057425955240944404,-0.0025927582311791528,-0.030642357300235415,-0.6218758415051582
1450,361063.6033,367833.5155,6769.9122,120659.99949999999,120659.99949999999,0,223890.93509999994,42.926091401964584,123,488934.6967999999,494626.77079999994,5692.074,163805.51489999998,163805.51489999998,0,155169.96910000007,41.325438592780614,126,0.30298443927838786,1801811.0533999992,0.3031748069402802,0.30570317048162465,-0.36663794544832307,-0.006897010683400907,0,-1.6006528091839698
1460,3828376.4774,3847424.0249000005,19047.5475,731566.1782999998,731566.1782999998,0,946385.5974999996,42.523112445107465,1106,3365376.8721,3407863.888400001,42487.01630000001,687482.0937999999,693179.9255000001,5697.831700000001,862588.3401000004,42.192962818819154,876,0.19285613759063008,14741996.803000012,-0.12890086260521194,-0.0621519018579928,-0.0927125273881586,0.007516618047569133,0.00821984522400887,-0.33014962628831057
1530,6124076.965899997,6274864.739499998,150787.7736,1119065.8395,1160039.6555,40973.816,2119796.9692000006,41.68128187668987,1842,5613328.497300003,5743790.293300001,130461.796,1027651.2924,1093203.6150000007,65552.3226,2007165.8271999997,41.391686620019456,1499,0.23544496117372996,24266666.36660002,-0.08708418701001719,-0.08521836563980756,-0.05459662403692889,-0.0013169046049990966,0.02464245928627396,-0.28959525667041675
1540,1461642.891,1516962.5648000003,55319.67380000001,1066406.0493,1079282.7578000003,12876.708499999999,165951.3575,40.3549304681732,493,1109875.4390000005,1117319.6909000005,7444.251899999999,635050.8297,635050.8297,0,240809.16699999993,40.28083326015947,324,0.11480872125287736,4655438.397599999,-0.2753132789788779,-0.5183443990245458,0.3723100633396612,-0.02980479752786442,-0.011930801642979787,-0.07409720801373254
1550,4491970.079700007,4558076.058900004,66105.97920000002,3419336.9899000004,3472486.1358,53149.145899999996,718377.4077999999,41.2777179845166,1451,4137106.2016000017,4211364.023900001,74257.8223,3011995.974899998,3043820.628399997,31824.653500000004,770606.8296000004,41.01190024727906,1146,0.16276453063354832,16439731.659499986,-0.08229481774458769,-0.12684369609621982,0.07018322630354312,0.0031296803228079706,-0.004850294967587234,-0.26581773723754054
1560,741361.2195999998,754987.2479,13626.0283,663897.7879999994,677523.8162999994,13626.0283,58303.26469999999,39.95862252409572,271,724136.6576999996,736717.2906999997,12580.633000000002,683985.9561999994,696566.5891999993,12580.633000000002,7286.3413,42.00954802778614,213,0.05501143994496767,2687161.3095000014,-0.023507854058538058,0.029809181647943106,-2.079656549323026,-9.714155959401269e-4,-0.0020505925436289305,2.050925503690415
1610,1175496.5927999988,1194491.7520999992,18995.1593,0,0,0,159145.7628,40.39423316069951,421,1035364.6712999999,1046710.1274,11345.4561,0,0,0,283497.06020000007,40.529434225992404,333,0.14375466266649098,3993389.439699993,-0.12693698640184792,NA,0.5773812240151397,-0.005063136567763242,NA,0.13520106529289677
1640,308596.345,320268.4948,11672.1498,0,0,0,4954.7831,41.97580909949391,124,252182.28380000003,253473.03140000004,1290.7476,0,0,0,12540.9643,41.5540759492044,107,0.03769684011206462,1024560.0369999998,-0.20188192161441343,NA,0.9286470373167646,-0.031352640929648234,NA,-0.421733150289505
1650,807841.4660999998,820195.9607999998,12354.4947,0,0,0,784817.9738999997,41.01873520069151,241,752869.0180999996,765542.0940999995,12673.076000000001,0,0,0,632708.2732999998,42.947991616779774,206,0.5193071167008078,5206876.431000001,-0.07047456802547636,NA,-0.21544235826304003,0.001491524375678394,NA,1.9292564160882648
1720,764145.4732999998,764145.4732999998,0,0,0,0,293367.1314,41.852156342774066,256,874930.4899999994,905381.3277999995,30450.8378,0,0,0,324634.9898,40.84251406647762,236,0.29065425789219757,3102695.163800002,0.13538626208273286,NA,0.10127661001472354,0.03363316302755324,NA,-1.0096422762964465
1740,955376.3446000005,962083.1763000006,6706.8317,0,0,0,42934.48040000001,40.5608858164355,299,1050795.0496999994,1058727.5122999994,7932.4626,0,0,0,66580.8452,41.21052961670874,345,0.05752896823705886,2909221.5752999987,0.09519700585065038,NA,0.438741684532614,5.212938849758373e-4,NA,0.649643800273239
1760,3717835.8043000004,3816007.0060000005,98171.20169999996,0,0,0,2211114.044999999,40.288297560427914,1118,2202148.068799998,2356641.633899997,154493.5651,0,0,0,1620767.600599999,40.013592570545775,707,0.3749868040772111,16309238.348399991,-0.5237084470419173,NA,-0.31059661672343,0.0398305059035744,NA,-0.27470498988213876
1800,162626.0492,163396.685,770.6358,0,0,0,149014.27539999998,41.350840519588786,95,230557.61330000003,234164.51790000004,3606.9046,0,0,0,114124.57809999997,40.03388506013433,115,0.5540373286827508,1012123.2097000012,0.34904739198094425,NA,-0.2667514673252107,0.010686943611293805,NA,-1.316955459454455
1820,2609421.3194000004,2616906.3607,7485.0413,0,0,0,215438.85310000007,37.052309424221946,779,2120928.194,2143788.8764000004,22860.6824,0,0,0,118276.8826,35.488108719103195,663,0.06847488176291713,8139495.858200018,-0.20727465982285764,NA,-0.599648786432434,0.007803418459254486,NA,-1.5642007051187505
1840,429468.5644999999,431238.61079999985,1770.0463,0,0,0,37164.0816,40.85092292992896,132,425248.81400000013,431075.7370000001,5826.923,0,0,0,40658.5383,39.27897455767782,138,0.06782737234847679,1393617.7494,-0.009874105501646468,NA,0.08986611176816339,0.009412604045189066,NA,-1.5719483722511427
1860,512864.2557,529929.4199000002,17065.1642,49251.419400000006,60721.9267,11470.507300000001,55750.602599999984,38.030171296910154,248,646368.5268999997,702846.9462999995,56478.419400000006,50818.5423,65941.2148,15122.672499999999,75894.19619999999,38.11091227155563,245,0.11216980667631544,2001171.7381999996,0.2313586148171911,0.03132310638412861,0.3084519958242957,0.048153929059775,0.040433438365437724,0.08074097464547236
1900,490366.93219999986,503681.02959999995,13314.0974,354210.261,366249.6081,12039.3471,119561.88610000005,38.91272823266452,164,337039.02789999987,358187.75119999977,21148.7233,176540.7532,189464.4233,12923.6701,99238.4792,40.818126386914535,127,0.1637581907817168,1707371.7574999991,-0.37495521864825854,-0.6963389483996973,-0.18630827839399444,0.032610091792478604,0.03533962019249379,1.9053981542500154
1920,667975.9122000001,672413.1571000001,4437.2449,423220.6813,427657.92620000005,4437.2449,98111.1676,41.123422907139435,192,674748.4379000005,696560.3354000004,21811.8975,376115.1268,395662.77460000006,19547.6478,226082.4163000001,42.218437361995,187,0.12727969490887064,2055459.8530999995,0.0100878235101316,-0.11799846338468178,0.834798407656713,0.024714737313488,0.03902913182244789,1.0950144548555656
1965,3838800.8371,3928606.2942000004,89805.45709999999,1917976.5546,1960866.2819,42889.727300000006,614496.5862999998,38.12659823863626,1174,3914226.034500003,4021906.867600003,107680.8331,1724693.5534000013,1783064.1230000008,58370.56960000001,723238.0283000004,39.09142445154271,1161,0.14925303800599604,12646596.226900049,0.01945758173764922,-0.10622136800873605,0.16293501733244398,0.003914208949648203,0.010863255779203225,0.9648262129064449
2000,11492692.400200013,11688813.46160001,196121.06140000004,2123871.1563999997,2202396.4768,78525.3204,1055251.1651000006,38.08084136658068,3586,10788385.85390001,11077829.85950002,289444.00559999986,1934620.8857000002,2067688.83,133067.9443,753561.0966999998,37.603021774872694,3153,0.08314849038993559,37724280.25560007,-0.06324121833668528,-0.09332905812797243,-0.3367239901058756,0.009349696629230124,0.028701396126929464,-0.47781959170798416
2010,9679789.934000004,9828149.928700006,148359.9947,1836323.9392000008,1889448.059700001,53124.120500000005,1325006.0088,39.839797816772105,2862,8423081.259600002,8542109.363300001,119028.1037,1905526.8920999975,1949701.5577999975,44174.665700000005,921546.9145000001,39.25899102639082,2314,0.119402429617988,32222043.09249989,-0.13906449338671578,0.036992840008142736,-0.36311858652483053,-0.0011611389497588886,-0.005459068763229366,-0.5808067903812884
2015,753790.9584999996,753790.9584999996,0,68070.21659999999,68070.21659999999,0,13935.543699999998,41.66033117435029,237,733394.1870999993,759324.2244999993,25930.0374,87740.1106,87740.1106,0,24324.9619,41.08012087328522,188,0.02452679012715351,2630624.087600004,-0.027431756555671427,0.25383938680647766,0.557060384744231,0.034148834665553365,0,-0.5802103010650725
2016,2728138.476800005,2803641.7822000044,75503.3054,1408200.7217000003,1468222.282900001,60021.5612,297624.74640000006,37.85088110275307,921,2176862.2299000006,2232082.3738,55220.14389999999,1135801.6926000004,1156389.4846000003,20587.792,217407.6323,37.41644083187092,618,0.1044278780944698,8893201.312199995,-0.22573500411553837,-0.21497406691375254,-0.31405937148112706,-0.002191144685276522,-0.02307692178843712,-0.4344402708821491
2025,1198935.9148000001,1336877.1598,137941.24500000002,415741.4823,529003.2473,113261.76499999997,179037.3018,37.61234010757005,442,1291188.7184000004,1327485.5837000003,36296.8653,479180.23600000015,493043.71900000016,13863.483,266475.96540000004,39.34454139477179,379,0.12742183065820736,3861531.964799995,0.07412885545386771,0.1420131719005795,0.3976898793478423,-0.07583912190090937,-0.1859859399199053,1.7322012872017396
2040,3991930.7672000015,4090182.576000001,98251.8088,904897.9,921111.7292000001,16213.829200000002,636529.6898,41.969750777289256,1368,4155285.8486999976,4183350.240999997,28064.3923,741881.9570000006,759857.3926000007,17975.4356,777937.0565000003,39.67048872595067,1296,0.12468916323768718,14845870.476100044,0.04010620684568522,-0.19863197674544608,0.20061455434966646,-0.01731278227522149,0.0060538712920155564,-2.2992620513385873
2050,843780.8706999999,844595.4481999998,814.5775,191429.65440000003,192244.23190000004,814.5775,69931.898600000015,36.185039537649736,230,713563.5932999997,717326.4436999997,3762.8504,124522.02550000002,128284.87590000001,3762.8504,37785.425500000005,37.74176281293207,199,0.06305301926986377,2615369.612900002,-0.16762126740703387,-0.4300377892827445,-0.6155984318626526,0.0042812008904060585,0.025094786432951773,1.5567232752823372
2060,929069.5099999993,943469.8138999995,14400.303899999999,376103.84859999997,376103.84859999997,0,68763.7412,31.464222448915258,291,843482.8547000001,856859.1026000001,13376.247899999998,330937.1498,344313.39770000003,13376.247899999998,63153.3457,37.524166283443975,241,0.07840305582962438,2849392.6790999966,-0.09664398300319554,-0.12793682075140111,-0.08511076097597581,3.4765888681903556e-4,0.03884904853936213,6.059943834528717
2100,13633597.87659999,13735564.273699982,101966.39709999999,119235.20510000002,120498.27280000002,1263.0677,1178106.4813999997,43.77205332190857,4507,12020805.844800018,12114400.301600017,93594.4568,79182.9454,79182.9454,0,914189.6991,43.70279320981921,3746,0.0730282130268677,44387595.2436,-0.12589820948745611,-0.40933711605051926,-0.25362565363881906,3.0235271921208364e-4,-0.01048203987202711,-0.0692601120893599
2145,4385391.8365,4495235.152700002,109843.31619999999,2093685.0679000001,2124865.6903999997,31180.6225,643136.5368000001,38.567750955002964,1342,5183490.077,5327021.147899997,143531.0709,2158346.8600999992,2184605.3362999996,26258.4762,596604.1331000001,39.34746625081308,1455,0.121119377803315,15699856.52739999,0.1671996092228376,0.030416882361574693,-0.07510324527236634,0.002508465441103034,-0.002654381283872574,0.7797152958101137
2160,1986611.8225000026,2027448.6169000021,40836.7944,915073.8759000005,955910.6703000006,40836.7944,262448.9187,40.17712603911671,708,1550532.268600001,1560909.4391000008,10377.1705,787827.3154999999,798204.4859999999,10377.1705,220847.22069999998,39.18824016959891,512,0.10380184856169695,7338308.600999995,-0.24783231482397738,-0.14972587762875733,-0.17258531426326762,-0.013493806020480201,-0.029719662298807445,-0.9888858695177944
2200,9906035.538600003,10022060.418400003,116024.8798,645089.4929999997,650547.9886999996,5458.4956999999995,2853593.1717999997,39.5961350133138,3247,8322453.7354999855,8443324.542199984,120870.8067,523089.0497000001,530066.906,6977.8563,2388484.482299998,39.41397790197345,2639,0.22278998822635704,38214460.11949999,-0.17418709025796275,-0.20963733932431694,-0.17791990523480905,0.0027385979429965183,0.004773492890083485,-0.18215711134034507
2300,6511161.314400001,6660332.739100001,149171.42469999997,3476522.5057000006,3567563.024000002,91040.51830000001,1240119.8900999995,37.376000656342484,2004,5894767.100700006,6049348.167400005,154581.06670000005,2959029.1345,3053614.6621000017,94585.5276,1007409.2773999997,36.65418591627846,1673,0.133088717038044,23342806.60479992,-0.0994528043498093,-0.1611712947695665,-0.20782609696916587,0.0031563498334245925,0.00545597324548364,-0.7218147400640262
2310,39783777.86390011,40671619.94900016,887842.0850999999,2336539.8527,2482961.2114999993,146421.3588,3403322.1035,40.8260754508475,12320,34597311.622999966,35281330.40219997,684018.7792000002,1890076.1659000022,1963740.2694000024,73664.10350000001,2948148.5332999993,40.56512772020499,9685,0.07980012548717913,125141333.00460055,-0.139683257555415,-0.21205401191569528,-0.1435746863578622,-0.0024419672491592104,-0.02145831575332926,-0.2609477306425063
2320,9777653.954100024,9925743.448100023,148089.49399999998,310908.3465,320363.5676999999,9455.221200000002,594804.1042999999,41.513977579933425,3165,8174483.879600008,8312375.226400003,137891.3468,340663.03830000013,377289.8536000001,36626.8153,783837.5634999997,41.15808966985191,2422,0.07172171490877181,34035771.1288,-0.1790819924801763,0.09139566829887258,0.27596969460563336,0.0016689434681605407,0.0675646840869307,-0.3558879100815133
2330,3500209.3702999977,3544777.7250999985,44568.3548,480636.00190000015,484956.02480000013,4320.0229,280329.5902,40.24087011215918,1085,3557843.5220999992,3612000.926699999,54157.4046,448158.32489999995,478745.8146,30587.489700000006,265467.48629999993,40.19893849330436,1127,0.06348321945869298,12373282.554000009,0.016331822310906574,-0.06996365703994911,-0.054473647742121045,0.0024207787412197004,0.05498280505685591,-0.041931618854818
2340,11903246.897599984,12267974.892499974,364727.99489999964,4998795.5781999985,5163651.336699999,164855.75850000003,1728828.0074999994,32.368844520239705,3759,12530066.144999973,13347348.573699964,817282.4287,4819809.850200003,5136559.110000004,316749.2598,2088904.431400001,30.797553028612626,3701,0.13338318252337353,38894825.34119988,0.05131983638570503,-0.03646252193844646,0.1891960064127911,0.03150172897909164,0.029739452002989088,-1.571291491627079
2400,855309.1584,909016.4789999999,53707.32059999999,173209.9612,182585.66820000001,9375.707,39416.36260000001,37.22859751799877,276,674579.3204999999,714959.8256,40380.5051,108628.49590000001,122405.69239999999,13777.1965,46002.5637,37.711807387708284,250,0.06435099865256869,2673310.086899998,-0.23737372465543594,-0.4665707409098534,0.15451610303551355,-0.0026034855870739892,0.061203927749420475,0.48320986970951196
2430,1820623.1674000002,1861157.7519999999,40534.5846,380377.08669999987,395996.82269999984,15619.736,119454.04119999996,36.27596290918205,621,2102251.2365000006,2139510.514100001,37259.2776,276361.91040000017,285040.4722000002,8678.5618,135155.12859999997,36.681377810305804,626,0.06836476307621207,5939314.522999995,0.1438299457563854,-0.3194518177849215,0.12349151453995333,-0.004364370281189401,-0.008997323898201362,0.40541490112375556
2440,449901.66719999985,459322.3713999999,9420.7042,323180.86479999986,331978.8871999999,8798.0224,34259.2922,25.984777290903807,154,327704.74890000006,336120.7441000001,8415.995200000001,199879.4716,208295.46679999997,8415.995200000001,47871.9699,29.756548370514377,105,0.11552879185558024,1235253.2733000012,-0.3169159943446953,-0.4804975765623247,0.3345723205706399,0.0045286018085636814,0.013902367997357622,3.77177107961057
2540,13593402.291100044,14292073.127800053,698670.836699999,8878697.506300004,9348946.3338,470248.8274999998,3047415.8060000017,34.51043381975332,4392,13242939.477800032,14020193.53110003,777254.0533,8855790.687600013,9303523.301700016,447732.61410000006,2911875.1415999993,34.29741484909006,3863,0.1821069382313497,51077154.90599977,-0.026120008569304076,-0.002583308995282252,-0.045496702538827094,0.006552984061285939,-0.0021746009168947256,-0.21301897066325637
2550,2323425.2843999993,2362018.8622999988,38593.5779,437397.92240000004,437397.92240000004,0,171204.7187,36.16899045615594,684,1518445.716100003,1544292.7119000028,25846.9958,268569.5018000001,279130.4940000001,10560.9922,163017.9538,37.86392206185432,468,0.07381515847919534,6621665.389199992,-0.425355256043229,-0.4877336257516873,-0.04899968507439745,3.9787565346178014e-4,0.03783532228478052,1.694931605698379
2600,3555692.6206999985,3788893.686599999,233201.06589999996,1659439.0372999997,1755774.7569,96335.71960000001,500619.8259999999,37.222293847838685,1217,2901183.2139999997,3005528.5069999993,104345.293,1248038.8153,1272250.3481999997,24211.532900000002,453594.6357000001,36.39513913671805,837,0.128285004002151,11755135.317099994,-0.20343121568368794,-0.28490624445333346,-0.09864305640265592,-0.026830805322384008,-0.03583744759285622,-0.8271547111206345
2630,9425859.002000012,9677855.163300013,251996.16130000004,3277683.144799997,3390415.9038999965,112732.75909999998,1928044.6552999998,38.50046549777727,2851,8741681.193199975,9201978.640899979,460297.4477,2802630.535700002,3016902.186400003,214271.65069999994,1725445.6626999993,38.48144527178103,2416,0.16059500539235688,34490864.472200066,-0.07535434260602791,-0.1565783613302809,-0.11102098507901204,0.023983142417261842,0.03777330958646351,-0.019020225996243312
2700,614495.1624999999,782389.3893999999,167894.22689999998,352468.71220000007,391606.2091000001,39137.496900000006,24851.037999999997,31.136271072962565,192,514965.5132,629888.2946,114922.78139999999,244726.5721,311245.89770000003,66519.3256,28286.5911,36.22345141957715,151,0.09197239537673636,1967252.7997000008,-0.1767011229599298,-0.3648203035245299,0.12948835734961506,-0.03214218254342849,0.11377857473587577,5.087180346614588
2710,1778711.0712999983,1870520.523499998,91809.4522,330285.35599999997,340146.4189,9861.0629,168109.7928,42.350462917325565,525,2282773.346300002,2388301.011200001,105527.66489999999,454869.7930000001,483498.92070000013,28629.1277,396291.7033999999,41.53341621370737,584,0.09212924793662904,6329891.129699995,0.24950209897447806,0.32005421280467417,0.8575332703092204,-0.004897056621668186,0.030221750621299365,-0.8170467036181961
2720,4283123.4756999975,4507503.238899998,224379.76319999993,2052552.7761000004,2173793.8595000003,121241.08340000002,462310.08239999996,30.052652000455083,1296,4233213.509399999,4440632.757699998,207419.24829999998,2096573.2741999987,2245823.2516999985,149249.9775,487951.76609999983,30.728333048781998,1237,0.11512676746510168,13588973.756900024,-0.011721127943170373,0.02121996264984105,0.05398072103798235,-0.003069778271053175,0.01068273289971898,0.6756810483269149
2750,2096636.1903000006,2168560.2933,71924.103,932684.7824000006,991340.0315000005,58655.2491,323038.8950999998,30.91476259506655,634,2076679.4896999982,2117936.2900999985,41256.80040000001,764317.3542000003,786009.3684000002,21692.0142,281846.1523000001,30.359647343176174,586,0.12406150859974484,7712187.530999988,-0.009564027383017759,-0.1990842019604031,-0.13641137139253523,-0.013687035318209334,-0.03156998548587302,-0.5551152518903741
2760,758620.4522,782183.8886,23563.4364,365413.6278000002,382550.3144000002,17136.6866,45713.7351,34.86894773142775,218,570845.3035000002,652065.5395,81220.23600000002,371233.01090000005,420788.2412000001,49555.230299999996,100404.8772,33.2909394178825,158,0.08931102308644155,2356476.1664000023,-0.2843833384613923,0.015799988369334272,0.7868119817885937,0.09443320578954167,0.0729717189107289,-1.5780083135452543
2810,693633.5386000001,724741.2924999997,31107.7539,58210.275499999996,58210.275499999996,0,124996.11750000001,35.619124343081566,287,799781.7056000005,847903.2732000003,48121.5676,197502.9776,202843.4168,5340.4392,81534.90280000001,37.62774953864371,291,0.17065464910723482,2710786.1668,0.14239504375245637,1.2216917665470124,-0.42725149303348076,0.013831042025079801,0.02632789017385552,2.0086251955621464
2825,1541526.9538999991,1573214.8016999988,31687.8478,229331.74489999987,229331.74489999987,0,81229.74890000002,39.81624927310484,524,1332774.8922999979,1402776.3762999985,70001.484,154339.50669999997,166845.9625,12506.455799999998,192385.87219999995,41.25316346754299,443,0.06643748911796139,4486922.384600001,-0.14551029974966134,-0.3960148580989884,0.8622215603859829,0.029759999163570146,0.07495809675346503,1.4369141944381525
2830,1444055.675500002,1496658.8852000015,52603.2097,248272.93240000005,253863.28410000002,5590.3517,103969.94720000001,38.11381436177771,461,875387.5378000002,916963.5984000001,41576.060600000004,132689.60230000006,133273.53540000005,583.9331,158204.1853,38.168023430039625,271,0.0916619272635756,4348299.164099993,-0.5005441865008713,-0.6265160915601875,0.41978462258486715,0.010193921911019088,-0.017639648291029902,0.05420906826191185
2840,693172.7473000003,730312.0395000003,37139.292199999996,170069.05599999998,183195.6013,13126.5453,55733.7605,39.24816716504163,207,636163.7501000001,637243.478,1079.7279,91165.67740000002,91165.67740000002,0,37232.83900000001,39.918633429106976,173,0.10273876357852713,1999044.460400001,-0.08582324381789341,-0.6235260843865529,-0.40339493574173524,-0.04915963250776395,-0.07165316856327816,0.6704662640653467
2850,2985091.353399999,3083393.5857999977,98302.23240000001,387659.96979999996,393883.56789999997,6223.5981,195791.82049999997,37.5648993872771,946,2306442.330700001,2400822.6273000026,94380.29659999999,494970.9121999997,518807.9509999997,23837.0388,73523.2644,35.50543958038337,688,0.07546449905108689,9683658.415399972,-0.257924129775402,0.24437040871493032,-0.979450075868538,0.007430466966778619,0.03014518189083077,-2.0594598068937344
2860,1042700.810200001,1059095.8798000012,16395.0696,390671.79750000004,401517.70410000015,10845.906599999998,499370.2098999999,33.61679822431078,307,629102.4881000002,709376.7246999998,80274.23659999997,241700.68289999987,292329.4605999998,50628.7777,738212.0832999997,36.26714767384046,210,0.3555366986210377,4610081.000799996,-0.5052753772331773,-0.48016770180618984,0.390883434776935,0.09768139373389423,0.14617854068304817,2.650349449529685
2900,1262164.5472999995,1323894.7495999995,61730.20230000002,685207.1123000003,709418.7465000002,24211.6342,192544.33619999996,39.310819042203505,360,1185669.8729,1272534.5296999996,86864.6568,603595.5080000001,665739.5981,62144.0901,177582.0965,38.873566669565705,305,0.12893047457582502,4537491.037900003,-0.0625202332972492,-0.12681686143375437,-0.08089342764970908,0.021633412802559177,0.05921710889766204,-0.4372523726378006
2910,2178600.1153999995,2250651.831299999,72051.71589999998,991280.9406000007,1049403.7671000008,58122.826499999996,427353.77590000007,35.94014273838259,614,1896932.6087000014,1978803.3505000016,81870.74179999999,927289.7958,957715.4187000002,30425.622900000002,297773.67500000005,33.20269533907255,551,0.14266501935993356,7778628.963699995,-0.13844435651184028,-0.06673185264209636,-0.3612784670991367,0.009360154169783766,-0.023617563513058736,-2.7374473993100423
2920,1361986.5448000005,1459774.867200001,97788.32239999999,506240.84439999994,565747.8918,59507.0474,145927.93490000002,38.56852020609289,398,1187780.2642999995,1304822.6437999988,117042.37950000001,476484.7368999997,501073.1880999998,24588.451199999996,116014.28920000001,36.94628417808854,312,0.07614474637135307,4712274.2382,-0.13685808755475115,-0.0605768422295796,-0.22939953699549065,0.022711205097354456,-0.056111400502699756,-1.6222360280043517
3000,592709.2792999997,593830.5690999996,1121.2898,49558.5247,49558.5247,0,39116.5732,36.824180785597456,195,667531.1337000004,667531.1337000004,0,14286.2368,14286.2368,0,65876.2656,39.069805069202545,176,0.10171116279185866,2076207.2825000004,0.11888200678153815,-1.2438576760959439,0.5212319746284386,-0.0018882318599721289,0,2.245624283605089
3010,1500840.8184999991,1509806.2282999991,8965.409800000001,0,0,0,498102.3878000001,37.6280359737642,481,1519416.6603000008,1519416.6603000008,0,0,0,0,570301.2464999999,37.98461730900109,437,0.2278689435085598,5692008.255400001,0.012300988351068298,NA,0.1353590699675955,-0.005938119496363987,NA,0.3565813352368892
3030,1324927.6030000004,1357991.0318000005,33063.4288,471878.95729999995,500282.7943999999,28403.837100000004,214756.72049999997,36.78665998042317,411,1213648.2641000003,1228749.6618000004,15101.3977,221222.23800000004,225966.90970000005,4744.6717,134869.9918,38.054663936937814,342,0.12284336666611397,4773133.766299999,-0.08772690107484316,-0.7575547082503302,-0.46519456417374627,-0.01205725775074157,-0.03577836565935085,1.2680039565146473
3040,416870.4798000001,416870.4798000001,0,0,0,0,92845.80969999998,35.38644802741692,147,456574.06880000007,456574.06880000007,0,0,0,0,65539.7714,37.31599121491089,121,0.11458978277506872,1518084.075099999,0.09097536698991071,NA,-0.34828300168282844,0,NA,1.9295431874939695
3050,3301677.544899995,3331923.2726999954,30245.7278,160619.7455,160619.7455,0,658177.4460000003,38.615903916518256,1041,2883274.422499998,2974022.0610999996,90747.63859999999,96462.5761,96462.5761,0,864089.0180000003,37.277146721837575,870,0.19560108239076213,12696668.162799953,-0.13550408568323213,-0.5098846215829251,0.27220122384776424,0.021435879966121577,0,-1.3387571946806816
3060,8747114.68660001,8794495.048400013,47380.361800000006,0,0,0,3015055.126900002,47.05459292081541,2806,8921664.225199997,8978889.833299993,57225.60809999999,0,0,0,3140137.1218000036,46.60966744847031,2483,0.2628985097426862,36415320.133500025,0.019758605634155657,NA,0.04064835410547296,9.85847821621622e-4,NA,-0.4449254723450977
3110,2133064.144199999,2139918.497999999,6854.3538,221776.5032000001,221776.5032000001,0,243277.73189999998,39.495718469347935,640,1602613.804500001,1620949.1726000009,18335.3681,164573.02130000002,164573.02130000002,0,258767.28870000003,39.66445811949439,445,0.10430497692329052,6233056.422400002,-0.28592358718981004,-0.2983157622326029,0.06172543825601018,0.00810840989114936,0,0.1687396501464562
3150,1929223.3145999995,1949092.6795999992,19869.365,51942.6091,58519.03050000001,6576.4214,84727.2066,38.37998216716173,578,1554556.3639000012,1583583.0185000014,29026.654599999998,119658.29789999996,119658.29789999996,0,113254.00319999998,37.391983308535835,421,0.04202607896374821,5516999.984700002,-0.215927285853585,0.8345007254573087,0.2901963506679639,0.008135572218574468,-0.11238090145734726,-0.9879988586258932
3160,3612991.692399995,3643919.532399995,30927.839999999997,458288.69009999983,475859.23209999985,17570.542,245458.57310000004,37.41712850227809,1090,3427842.158800008,3460406.678000007,32564.519200000002,270792.77060000005,274256.5992,3463.8286,616449.5286999999,37.488077479407686,1018,0.09655778336671764,10877413.994799988,-0.05260519781478301,-0.5261454690435432,0.9208482637900257,9.23084632461187e-4,-0.024293940458998985,0.07094897712959636
3220,1009051.2048,1011820.1153,2768.9105,629115.6871,631884.5976,2768.9105,127895.0155,37.20652041347629,349,921751.3995000008,930577.7147000007,8826.315200000001,544972.8888000001,551873.3396000001,6900.4508000000005,162343.522,37.67363487729,255,0.12529146078397055,3373815.549399999,-0.09049021171269267,-0.14357911394156275,0.23850486033291673,0.00674820558175406,0.008121698082566135,0.4671144638137079
3230,2514985.2837999985,2539333.0582999988,24347.7745,32244.042700000005,32244.042700000005,0,116530.77099999998,36.82757168929479,745,2256310.5923999995,2287023.7438,30713.151399999995,59074.32489999999,59074.32489999999,0,134617.45870000002,36.66434069668193,623,0.03982728059059245,6838092.256399992,-0.10853595406701722,0.6054630914638519,0.14428174993778065,0.0038410546151070382,0,-0.1632309926128599
3245,3873349.104500003,3974462.4980000034,101113.3935,404338.90029999986,423614.1351999999,19275.2349,437128.04959999997,36.0679293538164,1153,3247195.1069999975,3316766.2841999982,69571.17719999999,507365.85899999994,529643.4652999999,22277.6063,463634.17969999963,35.3267532236231,925,0.0962552225299985,11545302.327400038,-0.17632795477238794,0.22697897029493497,0.058869663598629884,-0.00446516749506623,-0.0034403545236515176,-0.7411761301933026
3250,1082946.3369999998,1084901.9146999998,1955.5777,0,0,0,122945.38549999999,40.74256332561727,338,1079074.7296,1079644.4992,569.7696,0,0,0,90448.31940000001,40.44506940941442,329,0.08946704159484108,3229285.7554000025,-0.0035814743882216504,NA,-0.306961605203492,-0.0012748005533820392,NA,-0.29749391620284626
3255,35816323.564399965,36226927.799999945,410604.2355999999,10038246.252399994,10147558.412199993,109312.15979999994,7671516.748099989,37.91953606612522,11389,32001243.578300167,32413669.87400014,412426.2957,8305802.119199985,8414651.454899983,108849.33570000004,6030167.119100002,37.76808064834788,9131,0.1697679144240467,125240314.22800083,-0.11262899110550961,-0.1894481018635883,-0.24073962159384976,0.0013896110043503367,0.0021634293579125864,-0.15145541777733484
3258,2981497.361600002,3000186.191900002,18688.8303,0,0,0,494517.99450000003,39.01129833605333,937,3137912.449399996,3188020.8527999963,50108.403399999996,0,0,0,671246.0949999997,40.050016414977264,917,0.13133322373127534,10322588.408199996,0.05113210913721744,NA,0.305552288618701,0.009488491579839496,NA,1.0387180789239352
3260,314215.50659999996,318756.9217,4541.4151,19899.9425,19899.9425,0,84470.01409999999,34.44065333649736,87,170861.87829999995,170861.87829999995,0,17275.407400000004,17275.407400000004,0,108231.0796,33.07915402363484,53,0.266941491194745,1448095.1273999994,-0.6092235763714857,-0.1414328896906465,0.24787195864787392,-0.014247267402946564,0,-1.3614993128625201
3300,3002631.009500001,3032487.3006,29856.2911,1567372.140200001,1585547.0685000008,18174.928300000003,1011704.3542999998,38.70629130720808,981,2692157.177999997,2748345.7863999973,56188.60840000001,1551387.3859000017,1573284.6606000017,21897.2747,836860.8929,38.71203729761061,679,0.224709398639328,11708271.752900036,-0.10914611034136534,-0.010250802691105676,-0.18973380772134973,0.010599039922466712,0.0024553146351416442,0.00574599040252366
3310,2060326.4579999973,2072408.6942999973,12082.2363,1060258.5639000009,1063407.8759000008,3149.3120000000004,395089.3991,34.34421746211785,690,1769510.4731000003,1785502.3344000005,15991.8613,1050526.0475999997,1055230.4331999994,4704.3856,195978.58829999994,33.85127525548184,582,0.1498716083545893,7669254.738900009,-0.1521615055395138,-0.009221770159612674,-0.7011066562328327,0.003126460229392525,0.0014966317064965995,-0.49294220663600896
3320,5334571.302100003,5361384.410600003,26813.1085,2932697.4192999997,2941707.9471,9010.5278,1003721.1260999998,39.612441365308214,1605,5072946.679499993,5161458.361399995,88511.6819,2916375.0909999986,2960921.0580999968,44545.967099999994,806730.9684,38.109858983159974,1469,0.16314853178732425,17629536.47140001,-0.050286677895217125,-0.005581182534747597,-0.21847925862154405,0.01214742616302549,0.011981605840263972,-1.5025823821482405
3400,2978408.996200002,3003701.086200003,25292.09,2273142.7779999995,2290850.0856999997,17707.3077,323499.2544000001,46.68377437765385,909,2579669.9953999994,2639856.0815999997,60186.08620000001,1798362.063100001,1817636.080500001,19274.0174,228212.0884,46.44353619064362,760,0.08440285355382637,9378424.767299991,-0.1437277820597913,-0.23428707199162346,-0.3489214002911396,0.014378694230800588,0.0028743129588508897,-0.24023818701022748
3420,8841301.480000017,9091438.20700002,250136.72699999996,6918720.3658,7100628.572999999,181908.20719999998,1113515.7740999993,36.731766312063435,2774,8752842.974699987,9001313.609699978,248470.635,6777978.038399996,6887042.891899995,109064.85350000001,1396714.3729000015,36.54534807696995,2389,0.11520705267398355,28362624.985700145,-0.010055533065647992,-0.020552001243322238,0.22660022804268642,9.038076113010093e-5,-0.009782367745190146,-0.18641823509348399
3500,5837732.726899997,5930445.902699997,92713.1758,5221989.692999992,5308947.217199991,86957.52420000001,1189774.2445999992,38.116398456576654,1699,5254887.064500009,5354438.906700008,99551.84219999998,4754647.760500004,4849265.221400003,94617.46089999999,1375120.0222999996,38.70735109455184,1400,0.16518553874038944,20934302.781400032,-0.10518397672165136,-0.0937558809643555,0.14477743754856043,0.002958970738015612,0.0031322818274204037,0.5909526379751853
3510,2428872.6632,2501183.0226000003,72310.35940000002,1900976.6149999986,1957000.9952999987,56024.3803,207958.4017,40.41381450041128,788,1686413.4125000017,1703671.3755000017,17257.963,1272206.5838000001,1289464.5467999997,17257.963,141532.86310000002,39.11833248443948,496,0.07113403574191772,7592766.251299993,-0.36482319243126504,-0.40161490163145075,-0.3848061296989371,-0.018780596916000574,-0.015243849578206506,-1.2954820159717997
3520,542800.9594000003,542800.9594000003,0,440820.4930000001,440820.4930000001,0,71641.055300000007,36.41565608077535,185,545535.5758999997,557984.7240999996,12449.1482,449897.0910999998,458051.66169999976,8154.570600000001,74398.06180000001,36.129142567142146,179,0.14824771387215058,1730848.2883000008,0.005025324734170056,0.020381122937262575,0.037761582742994904,0.022310912220903232,0.017802731180442316,-0.2865135136332029
3535,1601684.645300001,1625012.7089000007,23328.0636,1100034.2235999994,1114433.9832999997,14399.759699999999,360413.46419999993,38.6647404412044,450,1166298.5459,1176988.3734,10689.8275,767093.0607000005,777782.8882000006,10689.8275,178411.8794,37.928928976256394,322,0.18028164546698952,5327242.252600001,-0.3172208806934993,-0.3604884458896134,-0.7031570775878446,-0.005273263100693516,8.228316661357399e-4,-0.7358114649480072
3540,2464256.4249,2505767.4088999997,41510.984,766019.8093000005,772777.2362000005,6757.4268999999995,197523.17360000007,39.883853702213734,730,2099481.285799999,2136672.4545999994,37191.1688,801196.7296000001,832740.1581000003,31543.4285,172319.45389999996,40.24176410672279,612,0.09217542372878144,6991915.853800005,-0.16019980134731782,0.04489849179497796,-0.13650586784248198,8.399400586206404e-4,0.02913473691323136,0.357910404509056
3600,17289248.920299996,18185101.13890002,895852.2185999989,15361922.425099986,16184442.327599974,822519.902499999,6810446.912800001,36.39541389551787,5436,16811619.669600002,17889218.31550001,1077598.6459000001,14717334.500800006,15684190.346000003,966855.8452,7233565.875600006,35.69978968402677,4726,0.27865744560795147,71311988.89750013,-0.028014564298533884,-0.042865860976991854,0.06027437609205499,0.010974347372396207,0.010823610597793874,-0.6956242114911007
3620,1220189.0934000008,1238986.6671000004,18797.5737,830697.2489000001,845276.7537000004,14579.504799999999,62730.19660000001,34.51164564608452,405,1147240.6661000005,1171250.4059000004,24009.7398,728550.7537,736904.6989000002,8353.9452,101471.30970000001,33.91808362796491,304,0.04426159874997486,3394457.2505999976,-0.061646202955371265,-0.13120811507434915,0.4809331593005499,0.005327505093786721,-0.00591166868175365,-0.5935620181196057
3630,1541091.1785000009,1549305.8593000008,8214.6808,1143180.5862000016,1150389.5845000017,7208.9983,304899.6817,29.325849746739376,554,1422465.1411000001,1434914.4219999998,12449.280900000002,938734.6355000002,951183.9164000003,12449.280900000002,480322.99400000006,29.759727602704476,494,0.17223987816670233,5597528.929199999,-0.08009934164451238,-0.19703680852401817,0.4544759717252784,0.003373805926615593,0.006821624084763466,0.4338778559651004
3640,2808833.457500002,2863259.115300001,54425.6578,2520912.5689000017,2570829.2257000012,49916.6568,645419.8918000001,35.91141179841323,862,3117773.2123999987,3174681.559499998,56908.347100000006,2686728.8045999995,2738294.5979999993,51565.7934,511346.78919999994,35.82675360705911,822,0.19473128748323237,10936320.510299996,0.1043497755603564,0.0637034293602241,-0.2328530918620899,-0.0010826026392622527,-5.852053492462241e-4,-0.08465819135412289
3645,6119790.287799992,6285189.363599991,165399.07580000002,4820190.247300003,4953850.321100005,133660.07379999998,1313683.538900001,38.739581613200336,1765,6375669.10109999,6560193.620499987,184524.51940000005,4757236.035799992,4923699.788899992,166463.75310000003,919783.2694999995,38.818734415993454,1668,0.16221027366724416,21233160.92459999,0.04096121333440905,-0.01314656283340021,-0.3564522664026697,0.0018122205455320013,0.00682762428679215,0.07915280279311787
3646,444627.9400000001,444627.9400000001,0,191528.00319999995,191528.00319999995,0,59698.01180000001,32.69108075942213,123,307839.86560000014,319834.1240000001,11994.258399999999,154342.31429999994,155184.99539999996,842.6811,31099.867400000003,34.97709743815457,87,0.09657202113048774,1516702.6337999995,-0.36765811167369655,-0.21586107300574398,-0.6520951611509105,0.03750149686967109,0.0054301712470843705,2.2860166787324445
3648,771990.0130999999,792249.0457999998,20259.0327,551287.3679,571546.4005999999,20259.0327,67442.64959999999,36.70561828004794,244,871873.9242,882953.0403999999,11079.1162,621981.5003000002,626863.8336,4882.3333,41984.75,36.84739707752879,242,0.05919749201813114,2474347.3297000024,0.12167321757435978,0.12065413797663282,-0.4739711440678285,-0.013023747944867516,-0.02765749131234623,0.1417787974808462
3649,1284276.7838000015,1392133.843400001,107857.0596,1129926.383400001,1222344.5296000007,92418.14619999999,177886.82529999994,37.95741176154859,405,1058063.2718000005,1076218.6699000003,18155.3981,836933.5580000002,854425.3571,17491.7991,210456.45999999996,37.175775613404916,279,0.15259336659127024,4388160.622299999,-0.19375561088284066,-0.3001630759350036,0.1681312557168262,-0.060606452122402274,-0.05513527716219575,-0.7816361481436758
3655,2357432.1544,2425031.1798999985,67599.0255,1610216.2651,1659545.6285999997,49329.36349999999,561341.9089000003,37.97902955850974,708,1847187.4349999987,1891279.6599999983,44092.22499999999,1324355.3236999994,1353058.6336999997,28703.309999999998,300691.38430000003,38.7669839021106,508,0.17413038494584318,8348957.171099995,-0.24390877964202318,-0.19544270324020907,-0.6242457457162285,-0.004562093611395566,-0.008510971879750213,0.787954343600866
3700,517420.2760999997,517420.2760999997,0,359631.7523999998,359631.7523999998,0,20627.2966,44.46686321924034,148,384751.5677999999,386908.7901999999,2157.2223999999997,300804.55890000006,302961.7813,2157.2223999999997,55894.7077,43.92653507506402,116,0.03539460061931557,1825909.0248000007,-0.29625760986180616,-0.17861985004228664,0.9968544249357532,0.0055755321529006715,0.007120444006974816,-0.5403281441763212
3710,1125433.358899999,1127891.9582999991,2458.5994,530274.3727000002,531161.5122000002,887.1395,43359.1288,45.46439350315877,365,921591.0012000004,939917.3454000003,18326.3442,595006.3098000002,595006.3098000002,0,41681.801,44.06916178794839,274,0.03679752969117494,3647587.341499997,-0.19982192280507327,0.1151774532618024,-0.03945265799429265,0.01731800711939653,-0.0016701878423487169,-1.3952317152103788
3720,611047.2425,611047.2425,0,305093.44299999997,305093.44299999997,0,0,49.66415105650489,177,699404.5373999997,706161.3803999997,6756.843,511078.1959999999,511621.2182999999,543.0223,7302.8035,53.00561659687761,204,0.04110685348613381,1979922.6722000015,0.13505503601917113,0.5159045037594598,Inf,0.009568411962960419,0.0010613756438881457,3.3414655403727167
3730,753654.1996999993,771490.2120999993,17836.0124,489050.02979999996,506886.04219999997,17836.0124,90681.1633,42.27199479040949,253,868856.4100999996,880753.2870999996,11896.877,505836.7882999997,516265.44909999974,10428.6608,118637.56349999999,42.275058080232995,259,0.0874251701431499,2698269.928600001,0.14224423410258602,0.03374926981836879,0.2687235065151974,-0.009611293727197047,-0.014987229437373774,0.0030632898235083417
3740,3362779.2774999966,3425513.222699997,62733.94520000001,2576604.333,2638260.5667,61656.23370000001,70382.54969999999,53.41586716516345,1003,3615691.7365,3644888.010799999,29196.2743,2534371.919800003,2562277.446500003,27905.5267,123682.55750000001,54.75244304251566,1021,0.02278331972241248,10830245.320100006,0.07251539104969673,-0.016526539095172765,0.5637729041301185,-0.01030353820667586,-0.01247912442034136,1.3365758773522103
3800,3551758.515500002,3580737.746700001,28979.231199999995,2879230.218100002,2908209.449300002,28979.231199999995,348857.5920000001,43.1827075429078,1019,2890727.735600005,2937760.495300004,47032.759699999995,2277690.1298000007,2292803.149700001,15113.0199,407753.2455999999,42.83756941099841,825,0.08717265986816432,11611861.25019998,-0.20593455526626414,-0.23436114457102164,0.15599840816492438,0.007916642968131242,-0.0033731265633995247,-0.3451381319093869
3820,1639265.7442999994,1682021.2226999993,42755.47839999999,398505.1029000001,398505.1029000001,0,156240.74099999998,44.704344975509876,489,1610211.7655,1631454.2264,21242.460900000002,511512.5215,511512.5215,0,62851.6355,44.67160481278435,406,0.0522793338539221,5277851.649199997,-0.017882722977391907,0.24965176163490632,-0.9106210722877677,-0.012398539446637102,0,-0.03274016272552416
3850,7566714.429800003,7602905.237700003,36190.80789999999,4109965.9702000036,4118433.8744000043,8467.904199999999,443283.97769999993,43.100723521891034,2174,7510588.788199998,7605358.199399998,94769.41120000002,4170931.8311000005,4220838.088000001,49906.2569,514340.31970000005,43.10256765620317,2099,0.06236073073805121,25578778.297200046,-0.0074450848455622776,0.014724722825356196,0.14867454909296107,0.007700745362799506,0.009767680903188115,0.0018441343121367026
3910,1420971.0355999994,1458915.742299999,37944.706699999995,624265.9143,632900.3481,8634.433799999999,127664.83810000001,41.475887673721154,420,1438728.7405999997,1458675.4019999995,19946.6614,567502.6666,578468.7875,10966.1209,212868.1458,40.49514386577293,390,0.07027336635671133,4262236.084999996,0.012419438849173403,-0.09533097410795222,0.5112645627926149,-0.012334337236938874,0.005314508822450716,-0.9807438079482225
3930,9506063.70810001,10176818.388600014,670754.6805000002,8000900.586000008,8612401.880100023,611501.2940999999,1603865.6720000014,38.85780379043878,2715,8531944.128399994,9066625.773599997,534681.6451999999,6943638.571499996,7381456.647799995,437818.0763,1464108.592799999,38.14100293918661,2358,0.15002629257103028,31983396.147899885,-0.10811262794104515,-0.1417281816256324,-0.09117017210345679,-0.006937550781102246,-0.011689175073481516,-0.7168008512521666
3940,506352.89459999994,565907.0429999998,59554.14840000001,437200.5782999999,487107.5569999999,49906.97870000001,126991.47989999998,26.78206045063213,187,496336.8631999999,536592.0259,40255.162700000015,449230.6432,489485.8059000001,40255.162700000015,43954.219300000004,24.835733538511782,173,0.1369584138784001,1873007.063500001,-0.019978990483362935,0.027144358775652577,-1.0609713750079806,-0.030216573108403047,-0.020216074087404362,-1.9463269121203481
3945,402789.5959,410189.9679,7400.372,319140.16390000016,326540.53590000013,7400.372,57913.95270000001,38.14185651387625,127,451297.83440000005,461535.8838,10238.0494,324251.85250000004,324251.85250000004,0,45314.219699999994,39.58782942073842,145,0.07277326983620944,1503922.8998,0.11371317717263985,0.01589014481464268,-0.24533745092798398,0.004141235656817701,-0.022662950495880525,1.445972906862174
3955,2373257.4072999987,2532880.1462999987,159622.73900000003,2086650.7450999997,2217046.1519,130395.40680000001,117223.147,25.20377677518897,734,2497663.5742999995,2624180.9819000005,126517.40760000002,2132379.783199999,2244195.4365,111815.65330000002,126125.0091,25.820157975856603,724,0.06920671938229044,6961106.86649999,0.05109227967320784,0.021678358877668558,0.07319419318205966,-0.01480809940902112,-0.008990543494630306,0.6163812006676324
4000,3720032.5498,3922385.5336000007,202352.9838,3251974.340500001,3437997.6702,186023.32969999997,2328544.606200001,41.705924443541804,1128,3498985.8823999977,3785964.6059999997,286978.7236,2730129.960599998,2964935.1645999965,234805.20400000006,1916242.6395999999,41.70543127503154,906,0.3571506640784028,17542969.95769995,-0.06125923956838797,-0.1749130886000927,-0.1948771297284413,0.024211424200453434,0.025085999222874904,-4.931685102604888e-4
4010,5097327.005799997,5343973.257199996,246646.2514,4275337.3474,4492407.838799999,217070.49140000006,894458.0135000001,38.78668994247381,1603,5130011.099199995,5318224.1489999965,188213.0498,4228758.735200002,4404911.514199997,176152.77899999998,907574.6256000001,38.126328035473634,1500,0.16566576084941428,18341837.513799947,0.006391536943674225,-0.01095450416770305,0.014557831490257911,-0.010763889072831254,-0.008329325480057381,-0.6603619070001727
4020,15055057.3894,16327266.27280001,1272208.8834000006,13919936.216499984,15172589.656299995,1252653.4398000007,9120643.352600016,32.82584518515259,5072,14730486.493399978,16052592.713299992,1322106.2199000004,13845763.440499997,15097074.711099986,1251311.2706,7029542.15529999,32.896798803544115,4325,0.35691483545828,72905405.22499986,-0.021794716593731778,-0.005342775680517775,-0.2604187682135901,0.004441631618243527,3.24060578385299e-4,0.07095361839152758
4030,8377475.439099987,8933918.5305,556443.0913999998,7969074.703399987,8487797.178499987,518722.4750999999,2896614.5024000015,29.931711521321237,2599,8175727.866499999,9026001.976800002,850274.1103,7663984.212099996,8439708.291899994,775724.0798,3101426.5904000024,30.08863288055217,2307,0.25640628619830763,33496624.152800053,-0.024376860378037435,-0.039036407963282116,0.06831955401796996,0.03191841352139397,0.030799702502728926,0.15692135923093176
4040,4400957.949500003,4552183.5083000045,151225.55879999997,3429715.559600001,3535229.6676000003,105514.108,720085.0205000001,34.21437375820705,1370,4043065.6017,4230545.850699998,187480.249,3141143.6916000014,3263239.6114,122095.9198,504478.97599999985,33.37403923103993,1115,0.11613694086425626,15810229.147899983,-0.08481901650048407,-0.08789036391181781,-0.35584312308469457,0.011095408903258844,0.007569089736718063,-0.8403345271671228
4050,9487123.296600001,10197164.7265,710041.4299,8793899.035299988,9431641.084799986,637742.0494999998,1047162.1560999998,26.690860180773253,2833,9871560.317100007,10547712.413299998,676152.0961999997,8776066.395700024,9380312.753099995,604246.3573999996,1029020.2382000005,25.98125416101519,2628,0.11271375242996089,30478779.217600007,0.03972249108961634,-0.0020299010596556144,-0.01747667229120431,-0.005527114182815776,-0.0032008537441944457,-0.7096060197580627
4110,17806088.258500002,18998742.61689999,1192654.3584000003,15721012.52739998,16759066.334399994,1038053.8070000003,4076885.647199996,29.418921458907167,5327,15875965.339399973,16764966.887699973,889001.5482999998,13744244.484200016,14556446.015600014,812201.5313999999,3851035.991699998,28.675302925909225,4358,0.1912808160375088,64884609.107200064,-0.11473408410002861,-0.13437804155175925,-0.05699117431791478,-0.009748099416162163,-0.0061431434521133435,-0.7436185329979423
4120,2142675.5717999996,2299790.3418999994,157114.77010000005,1918354.2772,2071702.9542000003,153348.67700000005,653542.4060000001,30.338049972414883,647,2128949.483099998,2329309.063400002,200359.58029999997,1961805.5923999986,2125150.200099998,163344.60770000002,567347.7504000001,29.649541665974386,582,0.22377840171028665,7728974.669499994,-0.006426657661373625,0.022397598604145585,-0.14143498941987787,0.017699746434224922,0.002842026870416431,-0.6885083064404967
4130,2747736.521800006,2949663.6631000065,201927.14130000008,2558228.502100004,2751293.6809000056,193065.17880000005,799545.0623999998,26.747785436461907,865,2263606.183099998,2634766.907799997,371160.72469999996,2065226.822799998,2436387.547499999,371160.72469999996,962595.7091000001,25.341034598319887,707,0.2392768917517036,10599316.666699972,-0.19381829196154143,-0.21407496565725737,0.1855906053316012,0.07241273800178483,0.08216808503282934,-1.4067508381420204
4140,1928670.4826999994,2193138.015799999,264467.53310000006,1886287.997099999,2141860.372299998,255572.3752,1386706.3483000004,26.831225479450495,700,1844067.9257999985,2148859.621999998,304791.69619999995,1828530.6128999984,2108778.6540999985,280248.0411999999,862776.7752999997,22.089503477319024,643,0.3566483661218312,9503570.42499999,-0.04485693589701434,-0.03109817460067532,-0.474530684413228,0.021250171007697827,0.013573289441948577,-4.741722002131471
4150,3370379.6851000004,3620332.3451000033,249952.65999999995,3163277.5629000007,3406525.7245000014,243248.16159999996,342449.7651999999,21.72385081840214,1011,3637205.7864999953,3821391.8085999954,184186.02210000006,3456303.208199995,3600750.308899995,144447.1007,315238.6214000001,22.933483794559518,887,0.1027466886824686,11395657.556599988,0.07619034157025162,0.08859088742324595,-0.08279509569624466,-0.020842682510412512,-0.031290690473203236,1.2096329761573763
4200,3030697.2963999957,3107189.7343999976,76492.438,2366378.6080999975,2433429.629799998,67051.0217,1285995.0917000002,39.61848753471381,964,2701343.405699997,2756404.0057999976,55060.6001,2226226.6435,2275899.2474999987,49672.604,1302014.7752000012,39.37200445156227,803,0.2806618317748387,12022722.465899998,-0.11504351693414527,-0.06105270892659753,0.012380082712230234,-0.004642365677262509,-0.005728639363475261,-0.24648308315153855
4210,2450390.5184999974,2536693.497599997,86302.97910000001,1956656.5999000005,2029125.9221999997,72469.32229999999,1043009.8939,42.212042962785986,753,2314798.2111,2434285.6709999978,119487.45990000002,1804934.5951999999,1913458.9224999994,108524.32730000002,791727.7160000002,42.56609077914508,703,0.2730514574986602,10211268.67199998,-0.05692488925317285,-0.08071284452139693,-0.27564840118290235,0.015063385484928617,0.021001757366222083,0.3540478163590919
4220,18258628.309599955,19277712.954199962,1019084.6445999998,16654510.114799958,17594318.824099958,939808.7092999998,9313170.139500003,34.624260023059165,6100,16674700.679399958,17670314.709599994,995614.0301999997,15502283.833299963,16408126.366499962,905842.5331999998,8143418.689699996,34.77594333771985,5147,0.32942111379336775,80720508.33049971,-0.09074511100927651,-0.07169370035646239,-0.13421946411072305,0.003480518357322236,0.0017914808877859817,0.15168331466068707
4230,7201737.447100018,7703996.859900024,502259.4127999998,6778770.947000012,7273163.772800019,494392.8257999998,9997180.382000031,32.96594530274478,2534,6966175.549300004,7657296.959700014,691121.4104000004,6616434.881499998,7299846.755800011,683411.8743000004,8741036.995200016,32.64724802719777,2186,0.563580203136242,50092123.523500286,-0.033255936506197514,-0.024239121918363082,-0.13427425946979277,0.02506192230289249,0.025645096501358905,-0.31869727554700944
4240,946582.3379,970532.9767999998,23950.638899999998,848034.2524000001,871984.8913,23950.638899999998,168961.6893,41.457538732277165,262,928136.5881000006,949040.9000000005,20904.3119,793430.3483000003,814334.6602000004,20904.3119,137568.4832,41.9413554854021,260,0.08813733944607613,3497177.1106000007,-0.01967905142813997,-0.06655526866332018,-0.20555014593989007,-0.0026510442065355716,-0.0017963859583122951,0.483816753124934
4250,9212707.913700005,10103906.163700012,891198.2499999997,8140543.737100003,8971482.630600002,830938.8934999997,6340208.606299999,37.39418711318644,3227,8640343.154199993,9477169.270199997,836826.1159999995,7605480.364799993,8378792.898099997,773312.5332999998,5134478.621599994,36.76887618816435,2717,0.3907686319034253,47015217.621000074,-0.06414152696351216,-0.06798788789736143,-0.21093336713927258,9.582524052959007e-5,-3.2599275687265894e-4,-0.6253109250220916
4320,2087485.6142000002,2154080.395599999,66594.7814,1524487.3473000007,1578757.942300001,54270.59500000001,722992.5212999997,38.60134305816281,732,408393.796,410519.02489999996,2125.2289,328839.68799999997,330964.9169,2125.2289,100122.22,39.42040748988741,129,0.23459168869864777,8749464.82539999,-1.6314836701141662,-1.53384310532644,-1.9770072384121846,-0.025738711846329004,-0.027954189137323664,0.8190644317245983
4340,762844.6416,770625.5715000001,7780.929899999999,486156.6186999998,493937.54859999975,7780.929899999999,35627.7923,37.13668372027674,197,569246.1447,584652.7954999998,15406.650800000001,386046.09730000014,395846.49790000013,9800.4006,30040.9264,39.52627728591439,188,0.05727422896205828,2539250.9098,-0.2927414630235283,-0.2305740472937945,-0.1705653505661946,0.016254894583594255,0.009005221661116732,2.3895935656376466
4350,3821288.6114000026,3922282.797000001,100994.18559999997,2962272.0510000004,3033963.8373,71691.78629999999,344654.5254999999,32.1749893456543,1117,3700972.6461000056,3900312.3020000043,199339.65589999998,2808831.186000001,2952342.386600001,143511.20059999998,399458.81490000006,32.4500920837978,1041,0.08173414125078637,12072315.328700015,-0.03199203613346846,-0.05318810991815148,0.14756812831973498,0.025359811507624612,0.02497952424249272,0.2751027381434952
4400,774833.1901999997,821523.8216999995,46690.6315,580541.4214999999,627232.0529999996,46690.6315,368530.0604000001,37.60150655913699,253,731463.8089000001,767980.7059000002,36516.897000000004,575020.6963999995,594292.7477999995,19272.0514,235511.62310000006,35.63415848432061,223,0.3038393165097809,3096949.6574999997,-0.05760002368634254,-0.009555119570080706,-0.447762016108312,-0.009284940944469446,-0.042010618090041946,-1.9673480748163854
4430,2500614.4292999986,2767136.5449999985,266522.1157000001,1953715.2511999987,2176928.903799998,223213.65259999997,188040.48799999995,26.900974896708167,854,2469373.1628000005,2699070.379900001,229697.21709999998,1950982.1218999992,2117690.9642,166708.8423,108256.57389999999,26.54525117797566,697,0.07902967854786719,8109492.394199999,-0.012572135207916446,-0.0013999188593665224,-0.5521532074380371,-0.011214592366243281,-0.023814044569651166,-0.35572371873250574
4465,361628.66099999985,366267.7877999998,4639.1268,234905.77839999998,234905.77839999998,0,0,41.799902023790096,115,230944.1326,258615.0541,27670.921500000004,112427.52979999997,112427.52979999997,0,18750.718500000003,39.53072791265775,81,0.02030616067588719,1373104.0173000006,-0.448442055937166,-0.7368756562501861,Inf,0.09433061867794514,0,-2.269174111132344
4500,1315777.7527,1342401.5614,26623.8087,1242846.0733000003,1269469.8820000007,26623.8087,412874.9890000001,40.880718035431876,355,1104593.8215999997,1124478.1283999998,19884.3068,1014231.6928000002,1034115.9996000001,19884.3068,387905.2598000001,40.087667071448045,251,0.2513266524400611,5016745.700700004,-0.17495025258173236,-0.20327259707149103,-0.062383723034185934,-0.0021498267720694263,-0.0017440694417135867,-0.7930509639838306
4510,6822639.698800007,6909397.857000007,86758.1582,6347662.242800001,6428727.6230000015,81065.38020000001,1679403.2855999996,33.220665378697504,2084,6694834.8522999985,6825867.273000001,131032.42069999999,6092058.468500007,6206801.357300008,114742.8888,1531464.9884000015,33.06828917045892,1831,0.1940977128600235,26046345.03779998,-0.018910138059805348,-0.04110056180646282,-0.09221375713500102,0.006639906130691943,0.005876773961410739,-0.15237620823858578
4520,2392556.5518,2470816.6632,78260.11140000001,2081009.1275000002,2143635.1168000004,62625.9893,3070453.6275999974,33.08441329567538,676,2488546.211599999,2585507.0393999987,96960.8278,2123981.0829000003,2220941.9107000013,96960.8278,2599094.926400002,34.447512124206604,663,0.5545029614054878,15839028.639700014,0.03933620802473037,0.02043926346977365,-0.16666203292270687,0.0058278852293380395,0.014442670276208432,1.3630988285312213
4530,703481.3451999995,720619.7977999996,17138.4526,580646.8359999997,597785.2885999996,17138.4526,324319.1080999999,34.936399841749676,177,639007.3517999997,653970.8719999996,14963.520199999999,534173.8782999999,544885.0608999999,10711.1826,239815.24049999996,40.96891033688512,173,0.28932465465351803,2857202.523199998,-0.09612539959854693,-0.08342131585800772,-0.3018591370184911,-9.019139339630708e-4,-0.009012221829210628,6.032510495135448
4540,580703.9531999998,647283.1802999999,66579.22710000002,350266.2306999997,412203.6477999997,61937.41710000001,61450.3237,27.24469687184554,274,476835.13210000005,536282.8305,59447.69840000001,274605.6596,312381.1244999999,37775.4649,21925.8865,28.300304958566297,219,0.0970970189008158,2056664.5996000003,-0.1970702838684648,-0.24335742100797653,-1.030561132959317,0.007991887898315855,-0.029331776191559203,1.0556080867207562
4600,8969273.835799996,9570555.829300009,601281.9934999999,7028216.082499987,7503139.178399985,474923.0959000001,2677925.2939000046,32.55978941642617,2985,9428769.448500013,10169695.431700015,740925.9832000002,7650377.14939999,8231350.451299992,580973.3019,2679638.3086999985,31.493148181001803,2703,0.2198818929705656,36562993.792200066,0.04996087683082706,0.08482203140138012,6.394753232736861e-4,0.010030025449973154,0.007283971048953161,-1.0666412354243668
4610,14252495.079700004,14999878.6032,747383.5235000007,12039443.967100007,12713672.452600008,674228.4855000004,5389797.1008000085,35.492818569579505,4555,14297554.105299968,15193312.732199952,895758.6268999999,12317319.908199986,13108819.12029998,791499.2120999998,5299171.221699993,35.3654070606561,4104,0.2769036753140917,55461896.72339988,0.0031564963492733966,0.022818137841607466,-0.016957305509652798,0.00913145555879874,0.007347374361302013,-0.12741150892340158
4620,4558287.3149999995,4836781.559900002,278494.24489999993,2423619.046100001,2655396.2991999993,231777.25309999997,459061.49210000027,31.681333102080753,1411,4209358.330299999,4436640.963099992,227282.63280000002,2075202.8638000025,2233579.3966000048,158376.53280000004,417554.5623999999,30.276984871239584,1213,0.08786121707007127,14841820.211299997,-0.0796367436872103,-0.15520298206594063,-0.09476894666901892,-0.006349882398859162,-0.016378318677576165,-1.404348230841169
4640,533348.76070000045,550481.5122000003,17132.7515,475950.82590000035,484803.73520000034,8852.9093,39333.193,31.634524452634004,159,348973.8465,368358.5859,19384.7394,288401.5131999999,298181.6785999999,9780.1654,50657.508400000006,36.186117376223265,106,0.06736838278956922,1381962.1853,-0.4241785644549161,-0.5009608896857554,0.2530186925822271,0.02150143424448781,0.01453853970283699,4.551592923589261
4650,1407826.0037000002,1506716.9229000008,98890.91919999999,959569.6580000005,1024491.0562000005,64921.39819999999,258934.90790000005,32.3283599383332,410,1130789.2473999998,1290180.0235,159390.77610000002,773332.8191000003,900507.0380000002,127174.2189,187187.50260000004,31.04031306345026,342,0.1436598406510199,4957065.324399999,-0.2191308352331891,-0.2157754000057448,-0.32446590706415535,0.057908123983415286,0.07785571057077063,-1.2880468748829408
4700,31713241.460200038,32604579.629600048,891338.1693999998,22750371.545200013,23462975.263800025,712603.7186000001,5391244.218700001,41.68377804069703,10225,27577793.235299796,28441476.555399794,863683.3200999993,20031676.765999917,20639235.92319989,607559.1571999996,5165415.2153,41.817324049325016,8164,0.1427830826501389,111219534.43190038,-0.13972344940366455,-0.12726661801583106,-0.04279070710621191,0.0030292139778018666,-9.343178668628944e-4,0.13354600862798804
4710,12266797.291499997,12571576.542399993,304779.25090000004,6999349.992900005,7125275.232500005,125925.23959999999,2233158.850800001,42.7697443485596,3881,9727338.386100024,9896898.846000029,169560.45990000002,5742514.186000008,5831545.159000006,89030.97300000001,1724171.7929999994,42.152365957886104,2871,0.15913802086691345,43477810.231700115,-0.23195589360000923,-0.1979201606558849,-0.25867029298050426,-0.007110832733157605,-0.002405902579963634,-0.617378390673494
4720,26159609.413899984,28744928.85969999,2585319.445800001,24394660.679199927,26912772.41629998,2518111.7371000014,4948803.137699995,28.150631011775847,8502,23872163.726000074,26390662.654300082,2518498.9282999993,21857633.29900003,24159543.488100097,2301910.189100001,4462353.197199995,27.992831211884052,6948,0.1556024842427959,95437993.5209004,-0.09150351332307594,-0.10981407312887725,-0.10346950740231442,0.005491420639174849,0.00171386421880787,-0.15779979989179438
4740,662239.9013000004,696899.3419,34659.4406,431089.2262999999,461485.6940999999,30396.4678,138684.0986,37.44879778022378,248,800474.0671000001,843154.5712,42680.50409999999,581975.3876,619388.8234000001,37413.4358,130082.7975,37.42060081446549,221,0.19894956146224205,2701666.6829999983,0.18957625707364656,0.30011306723467435,-0.06402752318531313,8.86240433136419e-4,-0.005462748590586992,-0.02819696575829056
4750,1492855.4258999997,1499717.2825999996,6861.8567,1418640.7988999994,1425502.6555999992,6861.8567,99459.7395,40.23436648458499,493,1346421.4953000005,1348924.4679000005,2502.9726,1234837.9516000003,1237340.9242000002,2502.9726,153773.24800000005,39.82321490520616,396,0.065670542642094,4189099.915000002,-0.10324035045516666,-0.13875948115553882,0.4357261676203539,-0.0027199014406679655,-0.0027907759154625535,-0.4111515793788314
4760,27931638.616799995,29450186.07219998,1518547.4554000013,21141862.615599975,22290245.81559997,1148383.1999999995,4936891.234699997,34.250223805375505,8858,25336981.177400056,26895046.564099986,1558065.3866999997,19136123.536500063,20409152.663800083,1273029.1273000003,3703230.6301,34.525443220460495,7415,0.1421516740224454,97046423.03700043,-0.0974950118396265,-0.0996772516919755,-0.2875302464352991,0.0063680589289678916,0.010855863734629323,0.27521941508499026
4800,1300648.4232000003,1360628.5974,59980.1742,366731.7846,419937.9083,53206.12370000001,60710.8878,41.235470531167095,399,1183071.8047000002,1264388.1609000005,81316.35620000002,209575.16660000006,237890.77070000005,28315.604099999997,138172.137,41.714804010517604,318,0.06011199913452427,4387572.404799998,-0.0947486469112846,-0.5595482832482261,0.8223772247474326,0.020230116439115278,-0.007672224039532952,0.4793334793505082
4810,6467299.8358999975,6667031.224999996,199731.3891,3340963.764800002,3473041.7055000006,132077.9407,996046.0087999996,41.27690315720621,1974,6266254.981499993,6398262.733899992,132007.7524,3190451.8048999943,3298438.9064999945,107987.10160000001,868811.4601999997,40.56883315221589,1785,0.1294873240135299,22107187.666500013,-0.031579800807742586,-0.04609677930268852,-0.13666731016139444,-0.009326258372385616,-0.005290620023327475,-0.7080700049903257
4820,2698098.7337000025,2811843.105700002,113744.37200000002,648587.8138,660935.8093000001,12347.995499999999,409287.6689000001,42.57519594043472,696,1662247.5840999999,1772010.1747999992,109762.5907,438162.73390000017,464907.84310000023,26745.109200000003,189482.6653,42.32786053719271,446,0.13191586083075532,8607879.370600006,-0.48437669935264793,-0.3922070252716914,-0.7701207114051734,0.021490524183542276,0.03884517094567612,-0.24733540324200476
4830,714192.4189000002,738251.1217000001,24058.702800000003,423432.3329000001,439152.68260000006,15720.3497,111182.8149,39.72303277848643,211,654231.8087000003,690546.6047000004,36314.796,297736.53160000005,308677.36620000005,10940.8346,108674.34520000004,38.07171582105322,193,0.14102123047498258,2830457.3755000015,-0.0876906840812115,-0.352184747397029,-0.022820076055513283,0.019999700349558683,-3.5276271507162643e-4,-1.6513169574332096
4840,7367248.066399991,7697182.2253999915,329934.159,3352109.4862000034,3513871.322000004,161761.8358,876017.9314,40.95615806534831,2180,7574221.720899996,7924469.9746999955,350248.2538,3169561.351200006,3387516.3017000044,217954.95049999998,754252.8804000001,41.55425451174276,1945,0.09128454986010907,23526756.940700024,0.027706363219424546,-0.05599664173519514,-0.14965886343677504,0.001334041210790976,0.018305416183084712,0.5980964463944503
4850,12096837.594299983,12278878.028499983,182040.43419999993,5831702.781399997,5882934.466999996,51231.685600000004,1377040.3095000016,42.530747751648214,3649,11088207.416800003,11324309.848199999,236102.4314000001,5112484.848099997,5264582.451199999,152097.60310000007,1110195.5362000002,41.55776452285076,3053,0.10599577547379752,41151332.11679992,-0.08706191390638907,-0.1316234723311922,-0.2154003341896864,0.006023673236886575,0.020182199227455178,-0.9729832287974531
4920,10720891.619200012,10952811.789700013,231920.17049999995,4894044.221799988,5039805.664199988,145761.44240000003,1813017.0254000006,39.81595489601784,3260,9922251.076599995,10080955.00109999,158703.92450000008,4546511.5458999965,4597122.143099996,50610.597200000004,1683266.4616999999,39.50042872580303,2849,0.1470478074900392,38902024.12359995,-0.07741450701877994,-0.07365875520667409,-0.07425609435491332,-0.005431541534127168,-0.017912844985825134,-0.31552617021480955
4930,476785.1179000001,476785.1179000001,0,86892.84549999998,86892.84549999998,0,91485.2419,41.600043504410856,124,426161.52549999993,427349.4037999999,1187.8783,68765.8646,68765.8646,0,51386.522899999996,44.896663019566574,125,0.1344251150929121,1684416.9546999997,-0.11224746056218216,-0.23396823087298024,-0.5768017308708657,0.0027796418795425037,0,3.2966195151557187
4950,705915.4575999998,740114.7304999995,34199.2729,524791.3593000001,557345.0461000002,32553.6868,154365.419,31.480488082502095,212,2563250.167899999,2702602.567800001,139352.39989999996,1840237.3930000013,1962969.2960000015,122731.90299999998,576107.4646999998,34.46055005620222,686,0.17940694253122752,2505796.2276,1.2895358471720808,1.2546490874698595,1.316971571655122,0.005354228848363743,0.004115100301445768,2.9800619737001277
4965,4053676.7312999973,4287857.808799996,234181.07750000004,2525614.496399997,2727398.0717999972,201783.5754,514134.23659999995,36.590206687527065,1235,4788909.727300006,4996868.830300006,207959.103,2729748.687899999,2883788.011899998,154039.32400000002,564144.3243999999,38.18602710084049,1271,0.12720776127098787,13374697.623800006,0.1666784669978938,0.07772515121541801,0.09282572102989661,-0.012997052331575214,-0.020568290914136714,1.595820413313426
5000,12442604.051099984,12637063.94599998,194459.8949,7697986.159999979,7823051.75909998,125065.59910000005,1276247.5130999994,40.39253985699551,3911,13416460.611999996,13648529.051799996,232068.43979999996,8221875.5576999895,8403966.988499984,182091.43079999997,1945401.5115000003,40.09490947463049,3968,0.1055633075613103,42585025.22089979,0.07535596269536171,0.06583959608740031,0.4215442465185113,0.0016151234573705247,0.005680514161861775,-0.29763038236502126
5100,1177723.2201,1205442.8077,27719.5876,934238.8446000003,961958.4322000003,27719.5876,125577.32680000001,41.568208316443084,322,1224620.5411,1282911.8796000003,58291.33849999999,897116.8275000001,940498.9526999999,43382.125199999995,133259.1666,39.02529576970321,336,0.08862152923133415,3664100.394299994,0.03904793349079583,-0.04054603175438665,0.05937413454488549,0.022441386972734876,0.01731092767947409,-2.5429125467398705
5110,4309455.708900002,4408300.008900004,98844.30000000002,3288785.255299995,3376282.154299997,87496.89900000002,583259.2964999999,38.82487298385734,1424,4521214.338400004,4628270.7615000075,107056.42310000001,3255159.1254000007,3307040.4805000005,51881.3551,696765.8938,39.731067220747676,1270,0.10735887763617724,15543860.04160001,0.04796900619694178,-0.010277112367257146,0.17781762753156372,7.086597424824925e-4,-0.010227009589229282,0.906194236890336
5120,12078050.752200011,12312205.027600022,234154.2754,9204292.835199982,9409660.517799983,205367.68260000003,1771920.4017999994,35.69640025014116,4304,11889639.57809999,12132272.338899992,242632.76080000002,8810057.666700011,9004449.489300024,194391.82259999998,1789835.1901999987,36.11551504134733,3669,0.12912512727023612,42609980.434600025,-0.015722420698157435,-0.04377600222438005,0.0100596119032339,9.808926185259394e-4,-2.3677738340133203e-4,0.41911479120616946
5140,1394102.4339999985,1425471.8828999987,31369.448899999996,956381.4583999998,983962.4683999995,27581.010000000002,214428.88309999995,38.249217855230086,461,1541256.2911000003,1569608.9451000006,28352.654,1008974.0373000005,1037326.6913000006,28352.654,264322.60610000003,38.26463632912397,443,0.11432214447289309,4680138.221400003,0.10034706560013973,0.053532440373816215,0.20919221384907694,-0.0039428464959907344,-6.98125835740037e-4,0.015418473893880957
5160,2327340.1698,2477467.544000002,150127.37419999996,2057228.1265000005,2157953.3859000006,100725.2594,244139.13670000006,37.947677830752504,838,1991144.7616999978,2043698.6587999985,52553.8971,1616818.9873,1654792.9572000005,37973.9699,322945.01520000014,37.59088756061201,640,0.10003356334030278,7866299.290199999,-0.15601632700307455,-0.2408988762581341,0.2797437820031199,-0.03488201931426024,-0.023728422898525517,-0.35679027014049325
5165,1747117.201200001,1788628.894200001,41511.693,855650.4943999995,897162.1873999994,41511.693,319897.73480000003,40.294442275840986,509,2008489.7875999992,2106435.142199999,97945.3546,668874.6800000005,741315.1047000004,72440.4247,422061.98510000005,41.1590246748403,550,0.13648699674794287,5711656.389800004,0.13941597419132457,-0.2462652736135329,0.2771508214052165,0.0232894909170539,0.051448804603620606,0.8645823989993175
5220,857955.4706,865508.3929000003,7552.9223,588023.838,595576.7603000001,7552.9223,51094.7259,39.81662444078005,291,818176.5872000005,838930.0817000004,20753.4945,493005.0213999999,507667.0787999999,14662.0574,28863.5702,39.86401970509045,256,0.0704076282134613,2894578.547399998,-0.04747400899623244,-0.17624812850684002,-0.5711010272844241,0.01601147708232311,0.01619955111239667,0.047395264310395646
5230,259642.85659999997,265941.25599999994,6298.3994,197225.14419999998,203523.54359999998,6298.3994,26573.2647,39.04157044315515,96,306676.4639999999,327273.6357,20597.1717,239079.74970000004,259676.92140000002,20597.1717,32060.603300000002,39.81751715840834,118,0.09662330954499848,1245333.644300001,0.1664862704291643,0.1924512369000908,0.18772234096251594,0.03925220419290306,0.04837166779259043,0.7759467152531911
5240,27993059.406199925,29416509.349799953,1423449.9436000003,20750456.640099965,21930999.596699953,1180542.9565999995,4316194.976100002,36.202883469260904,8231,23710755.92779999,25064933.214699972,1354177.2868999995,16897009.554600008,17985334.113199975,1088324.5586,3410248.0719000036,36.71731163225898,6371,0.12663881571829252,98572779.70419976,-0.16602781929385202,-0.20543159634669195,-0.2355891845537137,0.005637274220102455,0.006681904220202664,0.5144281629980796
5250,764608.9167999995,785557.5206999998,20948.6039,425557.5427,430402.2831,4844.7404,192810.5433,41.03555689050183,261,653954.7418000003,662601.9778000001,8647.236,333112.2235000001,333112.2235000001,0,113138.15359999998,40.50060316191147,184,0.17046100947449386,3007721.295799996,-0.1563263363178784,-0.24492073364391942,-0.5330983956694286,-0.013616757258337235,-0.01125630739015938,-0.5349537285903594
5260,1387653.3586000002,1483967.281500001,96313.92289999999,966906.7997999998,1033500.2870000001,66593.4872,229009.5501,37.2214383769568,457,1142153.3083999995,1231859.6567999993,89706.3484,662655.4873,724335.4254000001,61679.9381,193073.26359999995,36.22645515939906,389,0.13279759928714258,4594097.110000002,-0.19469874149348065,-0.37784688190864024,-0.17069398515958412,0.007918893735645069,0.020718933772922485,-0.9949832175577384
5300,865446.0567,983895.7513999996,118449.6947,655030.4849000003,773480.1796,118449.6947,235693.17739999996,34.704530535283595,316,753244.6692000002,831585.5348000005,78340.86559999998,634671.0079000003,711571.9838000005,76900.97589999998,254537.16730000003,37.0038270901422,271,0.18700114474579704,3905618.8816000046,-0.1388549455847432,-0.03157500954589665,0.07691600239402696,-0.02618183663616605,-0.04506667388036237,2.299296554858607
5310,2265989.857700001,2389106.6307000024,123116.77300000002,1635901.1492999995,1724337.7502999995,88436.60100000001,215403.89400000006,39.20080293098045,712,1644560.1117000012,1773998.9384000003,129438.8267,1245460.4632,1355946.6197999998,110486.15660000002,178628.0716,38.13149401607922,484,0.09274112491813832,6799655.500800003,-0.32053874757906975,-0.27268850266792555,-0.18720901064986784,0.021431876271472583,0.030195389529132685,-1.069308914901228
5320,747744.7847999998,783366.2141999999,35621.4294,387792.47889999993,398429.4895999999,10637.010699999999,117986.67019999998,29.0972033833998,260,785747.0979999994,803659.6204999995,17912.5225,387990.2542000001,401986.72720000014,13996.473,71678.2691,29.338155331387842,248,0.10956739709807074,2562231.6842000005,0.049573259422022176,5.098729214942921e-4,-0.49838403290325495,-0.023183563539348907,0.008120898699680374,0.24095194798804087
5330,1185268.4155000001,1201068.7982,15800.3827,723714.7311000002,739515.1138000003,15800.3827,54535.392100000005,40.063395977984975,365,927757.6613999995,935920.2318999995,8162.5705,698964.5291,707127.0996000001,8162.5705,81207.25690000001,42.37623769665704,266,0.07218594666137172,4766129.542,-0.24495398093969634,-0.03479730118383095,0.398154726631045,-0.004433830403882124,-0.00982258232002441,2.3128417186720682
5350,920152.8112,970656.8193000002,50504.00810000001,696821.4940000002,720319.9127000001,23498.418699999995,186111.92819999997,35.5613478502393,300,727697.4772999999,751730.7758999999,24033.298600000002,512402.55039999995,534263.3953000001,21860.844899999996,122659.3661,39.23553185925137,204,0.1778714153681181,4073077.332300005,-0.2346543467093838,-0.3074187244188131,-0.4169371250010929,-0.020060136478161024,0.008295531303442988,3.674184009012066
5360,862870.7777999997,895796.4019999998,32925.6242,484007.5521,507541.05789999984,23533.5058,164070.64529999997,38.58938059865021,259,1035204.5628999997,1112040.0526000005,76835.48969999998,359635.16010000015,388965.6992000001,29330.539099999998,296093.51570000005,39.33832021950386,314,0.11400636081554467,3197323.5282000033,0.18208938764943028,-0.2970104367055679,0.5903782367507553,0.03233847429698085,0.029038803803839407,0.7489396208536547
5400,13276585.96160001,13767648.888300018,491062.92670000036,10594319.371900018,11028181.33240001,433861.9605000002,1572325.9342000003,34.41628934530611,4142,12483406.396599941,13023208.421299944,539802.0247000001,9974550.227299988,10365726.533399977,391176.3061,1614251.1328000003,35.35545276397455,3563,0.10249479559082687,43033777.38230001,-0.061601755649292045,-0.06028107739216537,0.026315144481266373,0.005781349191429093,-0.0016037354660097397,0.9391634186684357
5410,1154848.0713000004,1219379.5408,64531.46950000001,808702.8962000002,873234.3657,64531.46950000001,227981.06030000007,38.934008516475785,331,1107351.9973999993,1141470.1524999996,34118.1551,767303.3013999996,801421.4564999997,34118.1551,379865.7371,37.013072784615595,302,0.18369605948524548,4230716.038100005,-0.0419972179737762,-0.05254943960475167,0.5105553102215694,-0.023031901315288796,-0.03132731903744752,-1.9209357318601903
5420,1234681.8810000008,1241108.9626000007,6427.0816,759019.8513999996,761005.9229999995,1986.0716,249825.92179999995,37.32234067705874,379,1079260.9136000003,1130553.8914,51292.9778,559267.7220000001,609660.7257000001,50393.003699999994,227213.17170000004,36.06149612264356,312,0.13436721061408288,3824558.749500002,-0.13453688305421707,-0.30539964299362943,-0.094875703325636,0.04019127781370933,0.08004765668671843,-1.2608445544151792
5510,8464863.465300014,9112322.14080001,647458.6755,7357744.213200019,7933454.0024000155,575709.7891999998,2442413.2393000014,34.35409481838365,2514,9087995.262899991,9670025.316599982,582030.0537,8007487.624499996,8503871.959299998,496384.33479999995,3470344.1299000042,34.81532129894921,2471,0.20476615307122983,33193845.496699903,0.07103045459657054,0.0846236640208371,0.3512671788885946,-0.010864000264692704,-0.014195789696924692,0.46122648056555704
5520,2782267.2763000024,2866660.845300002,84393.56899999999,2453046.134000002,2502110.2814000016,49064.1474,324272.61569999985,42.193109067552214,893,2578148.5647000005,2696909.8024,118761.23770000001,2117187.228000001,2223854.5969000002,106667.36890000002,345693.2175,41.29023362502853,792,0.10834033195106953,9314752.801899988,-0.07619463157646322,-0.14724214378663625,0.06396715863291824,0.014596366744406886,0.02835597569458892,-0.9028754425236869
5540,999900.8299000005,1021201.3992000006,21300.5693,862555.7887000005,879315.8290000005,16760.0403,125752.26690000003,40.017245165185024,303,919559.4062999996,923394.9146999995,3835.5084,781560.5646999996,785396.0730999996,3835.5084,173274.55659999995,41.1009762977275,267,0.14137347456035648,3546433.234799997,-0.08376145482922226,-0.09860718448906525,0.3205635330075314,-0.016704640051406087,-0.014176785144571347,1.083731132542475
5550,3245919.9713999955,3313091.437899996,67171.4665,2674584.208099998,2733358.2695999965,58774.061499999996,390165.9893,43.663321603567965,994,3455079.547099996,3537202.221499995,82122.67439999999,3155636.107799995,3190437.101599996,34800.9938,663323.0591999998,41.23013580589299,914,0.10902597385973352,10726356.431399992,0.0624466664574328,0.16539616258263834,0.5306898781215992,0.00294228603105574,-0.010594601441972246,-2.433185797674973
5560,620327.8457000003,628580.7640000002,8252.918300000001,522048.54950000026,522048.54950000026,0,83201.4112,40.80770492942803,170,324268.9229,384353.54429999983,60084.621399999996,241582.90410000007,301667.5255,60084.621399999996,104240.57059999999,39.90676923338133,98,0.17969224854121357,2006487.1062999992,-0.648674941193562,-0.7705478878812908,0.2254370974861981,0.14319699255369694,0.1991749735090395,-0.9009356960466945
5600,2297906.1297000027,2332820.726600002,34914.5969,1330683.3368000004,1339883.5530000003,9200.216199999999,285344.65559999994,41.61603949878503,711,1737367.6812999996,1847269.318,109901.63670000002,945768.748,1028148.7260999999,82379.97810000001,385343.2968,40.80245584402736,510,0.10985943969378008,7790585.96589999,-0.27962718898830197,-0.3414497896028621,0.3004368494498486,0.04452741936379524,0.0732581437457386,-0.8135836547576716
5610,5567158.580200004,5736085.245100002,168926.6649,5026171.413000008,5191634.088400009,165462.67539999998,1624953.7445999985,39.15312067595194,1702,4896640.560199999,5066945.099299998,170304.53910000005,4228294.119399999,4352881.660299999,124587.54089999998,1328290.1380000003,39.70908150811407,1270,0.21883016806824931,22651053.65889993,-0.12833542452473523,-0.1728599135398916,-0.20158684591386233,0.004161073212829915,-0.003249166861076607,0.5559608321621283
5620,17354749.434300005,18852044.5998,1497295.1655,15837874.523899987,17273929.187999994,1436054.6641,2895820.228600003,33.899559103380426,5402,15641431.767500045,16962764.28220006,1321332.5147,13916122.215000018,15134770.463000048,1218648.2480000004,3794057.287700002,33.682121817319924,4474,0.14860478035865118,61155808.398400046,-0.10394293537941834,-0.12935615369755382,0.27016757411372794,-0.0015274288426259525,-0.0026144512622762323,-0.21743728606050183
5630,729380.7731,768088.2523000002,38707.4792,622760.2242999999,658719.6795,35959.455200000004,127606.76449999998,39.04432048435125,230,826438.8798999997,843519.8371999996,17080.957300000002,660226.6320999995,667933.3946999995,7706.7626,201166.87180000005,40.93662924510295,212,0.14159381880056193,2345717.394400001,0.12493004587007128,0.05842158605581105,0.4551813887588487,-0.030144951263501744,-0.04305170068175754,1.8923087607516962
5700,23539131.00369997,24125973.966899954,586842.9632000003,15942326.63009997,16257010.094399976,314683.46429999993,2318654.1409,37.60880238343597,7854,19124286.183000024,19798594.656100027,674308.4731000001,12528597.43810002,12922122.75760002,393525.3195000002,2193472.7262999993,37.56604349815628,5786,0.09046132206314696,79590770.96700056,-0.20770513016871206,-0.24096379811068047,-0.05550089799327651,0.00973428593710942,0.011096826595548986,-0.04275888527968874
5810,2437644.914799997,2507307.3588999975,69662.4441,1652277.3933000003,1694000.7015000002,41723.3082,285865.2800000001,37.9591393284193,725,2098975.6815999993,2242699.334,143723.65239999996,1299674.7398999995,1355723.9215999995,56049.1817,370557.0263,37.25035487554583,615,0.1090355038812698,8274404.605700008,-0.1495829192843896,-0.24004054153741983,0.2594866991407212,0.03630135116364373,0.0167125801871937,-0.7087844528734664
5820,456475.9795999999,475391.4030999999,18915.423499999997,341317.1069,348811.01370000007,7493.906799999999,79694.0657,35.3272784416703,145,311355.89340000006,348869.8874000001,37513.994,184325.88220000008,209482.0353000001,25156.153100000003,44428.7235,37.98391290861037,89,0.12265847615461632,1501293.1619000025,-0.3825994703543447,-0.6161066874467043,-0.5843089391090146,0.06774088533363637,0.09860325448179355,2.656634466940069
5840,3339219.2124000005,3439512.911199999,100293.69880000001,2404858.214499999,2487280.3387999986,82422.12430000001,258117.1785,39.55776233200007,987,3173549.029699995,3250713.9574999963,77164.92779999999,2326416.967899999,2385004.824499999,58587.8566,533637.0077999999,39.81725135654425,827,0.07684020742408218,11082465.567799993,-0.05088648154860387,-0.03316164538987998,0.7263021850984437,-0.005421433827068625,-0.008572359223404439,0.2594890245441803
5850,526766.4179999997,549153.9013999997,22387.483399999997,479344.77429999976,501732.2576999997,22387.483399999997,31880.4478,36.38064979648443,172,528016.9744,620755.6813000002,92738.70689999998,420666.50209999975,482709.64269999997,62043.14059999999,175667.8115,35.2387297336655,165,0.14827906077694236,1703224.327000002,0.0023712109897893185,-0.130579754597413,1.7066018766823596,0.108629239010235,0.08391059532332287,-1.1419200628189259
5860,13017922.491700005,13528418.75570002,510496.26400000014,9352800.239299994,9732343.343199998,379543.1039,2189483.570600003,35.27875659247471,4148,14342746.363300016,14936507.151300006,593760.7880000003,9682729.647200005,10052026.128399998,369296.4812000001,2507997.5508000003,36.58903652010502,4139,0.13336110748928798,45618478.394000046,0.09691727329873245,0.03466806058795768,0.13581894270632056,0.0020172162217513,-0.00225960919401106,1.3102799276303116
5940,5925079.909400003,6072842.282499999,147762.37310000003,3210432.0185000026,3277028.4893000023,66596.4708,771007.5354999995,39.09400240990301,1881,6122642.076500002,6319313.851900006,196671.77540000004,3276060.6767999995,3364782.6003999994,88721.92359999998,1000975.655,39.0917614305088,1751,0.11828264876797878,21043119.840699986,0.03279954146107755,0.020236174142379326,0.2610323111540236,0.006790664188919066,0.006045589710504291,-0.0022409793942159695
6005,499084.9983000003,530060.6554000002,30975.657099999997,385406.18740000017,413130.19570000016,27724.008299999998,211222.12799999997,41.2228052572803,186,508502.7812999998,515734.3411999998,7231.5599,420818.245,428049.80489999993,7231.5599,230592.26450000002,42.61476133221931,188,0.3309094182844288,2115634.4576999997,0.018694266569852402,0.08790320803307061,0.08774074310147029,-0.04441607813086314,-0.05021299219603388,1.39195607493901
6040,186106.44799999995,207984.97799999997,21878.53,175502.41409999994,196663.98349999994,21161.5694,429870.9476000001,38.98928255411248,62,182411.8754,234160.31370000003,51748.4383,181124.29739999998,232872.73570000002,51748.4383,392392.8765,40.44063321493957,54,0.6258417811947954,1732139.7430999998,-0.020051629206109922,0.03153072317742556,-0.09122146792486063,0.11580293020569835,0.1146150083397516,1.4513506608270887
6050,5402264.908100001,5786680.192199995,384415.2841000001,4856465.6761000045,5236022.875799998,379557.19970000006,3988867.795800007,39.973332209769175,2187,4741498.936500008,5210669.237300003,469170.3008000001,4125608.5790999974,4521525.413400001,395916.8343000002,3491425.8394000046,38.137027622811985,1748,0.4232007597748901,27484759.1944,-0.1304649760155474,-0.16309740298276232,-0.1331972274311628,0.023609257835245492,0.015073070048677598,-1.8363045869571906
6100,266601.14749999996,283858.7108,17257.563299999998,214274.95149999994,230168.0255999999,15893.074099999998,72225.70769999998,46.61414119123833,174,295841.1308000001,327869.67060000007,32028.539800000002,248519.52170000007,269824.3265,21304.8048,21391.1214,45.47638177574066,150,0.16320094208257263,1022359.4703000002,0.10406887803151221,0.14826139015977624,-1.216820096762941,0.036890488676510076,0.009908179864260902,-1.1377594154976691
6130,546860.9324,583473.9903999998,36613.058,493341.6017,529362.6904999999,36021.0888,87202.91990000001,39.062531592904605,237,490574.8940000001,508172.3168000001,17597.4228,479030.24529999995,496627.66810000007,17597.4228,82979.2198,45.46730231086992,160,0.0901643461395586,1942771.091900002,-0.10861657672720604,-0.029438100146071733,-0.04964760285115055,-0.02812126183818394,-0.03261230708270658,6.404770717965313
6200,7365518.237300008,7589913.72720001,224395.4899,6518072.926100003,6703606.793100004,185533.867,1917164.9678999993,43.98682805063994,2511,6423607.491700016,6551937.069700014,128329.57800000001,5477993.565000006,5586860.206600008,108866.64160000002,1546266.8239000002,43.42795214655073,2069,0.20366907988303196,25899992.46390011,-0.13682953783151142,-0.17383987262807032,-0.2150039904854566,-0.009978449677454811,-0.008190528846418757,-0.5588759040892128
6220,777151.1627,827979.5650999999,50828.4024,686553.4219,737381.8243000001,50828.4024,853028.3220999994,40.42620557464393,289,622328.2385999998,708533.2499999995,86205.0114,592662.1015,673584.0657999996,80921.96429999999,404602.37990000006,40.19712766570568,210,0.4436697258544941,4732763.372699998,-0.2221672096976679,-0.14705961533151424,-0.7458879430491763,0.06027837940695526,0.05120548628424766,-0.22907790893825108
6230,9277777.72150001,9979047.279199999,701269.5576999998,8388710.241100008,9025683.867000006,636973.6259000001,6337039.543199998,40.631231131926796,3132,7967062.159399993,8604142.535100004,637080.3757000003,7300850.211199999,7885924.973199996,585074.7620000001,4751305.720699987,40.49007777785877,2496,0.3954843288281107,46229930.50060005,-0.1523062359782319,-0.1388959742688609,-0.287992241532379,0.003769248117995852,0.003618833627064,-0.14115335406802387
6240,577478.3811,608860.5388999998,31382.1578,554229.5547,585611.7124999999,31382.1578,740074.2722999998,39.05088833450549,210,343484.2082999999,375758.6530999999,32274.4448,330505.0608,362779.50559999986,32274.4448,509331.7722000001,40.29091916946255,126,0.5713978452725906,4678739.231900006,-0.519529868690702,-0.516956987857462,-0.3736509331333586,0.034348981342973456,0.03537567669025848,1.2400308349570608
6250,387871.7129999999,418124.2561999999,30252.5432,383966.3901999998,414218.93339999986,30252.5432,247302.73910000004,41.18419357753293,127,333303.2760999999,407191.64419999975,73888.36809999999,332694.9844999999,406583.35259999975,73888.36809999999,305761.99929999997,44.44728400425665,116,0.3944760753636657,2133131.003,-0.15162183380468974,-0.14332891546828286,0.21219376877211715,0.10910546122410693,0.10869478651745357,3.2630904267237213
6260,14221220.174999945,15605408.248599956,1384188.0736000007,12581653.11399996,13916404.889599936,1334751.7756000008,13045857.896999992,39.5428959006413,4808,13798064.967600007,15181619.045400025,1383554.0778,12557601.341499995,13864819.438600006,1307218.0971000004,10907712.12819999,40.14557791652264,4235,0.4591031211732738,81190466.08099985,-0.03020686506358672,-0.0019134839405197113,-0.17900060710944743,0.0024342456732641543,-0.00162901573141995,0.6026820158813422
6320,4358478.0986,4603979.900399999,245501.8017999999,4163077.3065999993,4404433.4745,241356.1678999999,588204.3408,44.51583664804477,1581,3497585.805100003,3740934.4209000017,243348.6158,3180242.0627000006,3398373.521600002,218131.4589,751077.9072000001,44.54298886936279,1312,0.11872358467436746,13962380.49960001,-0.2200499759480241,-0.2692972237249638,0.24443497843767403,0.011726400959600397,0.009388557804004022,0.027152221318019087
6330,733598.02659999975,825425.5088999999,91827.48230000003,698907.6758999999,774744.1202999997,75836.44440000002,990561.2404,38.77252109402533,259,560502.2838999999,611421.4169,50919.133,551973.7514000001,602892.8843999999,50919.133,592853.5987000001,37.75591809312289,173,0.5914477880302382,5557402.254300012,-0.26912791365823097,-0.2360181599180553,-0.5133242059359269,-0.027968730284658155,-0.013427785769848904,-1.0166030009024425
6355,9716394.42050001,10072053.870500017,355659.44999999995,8736242.402800024,9069676.726400018,333434.32360000006,1950308.6709999996,41.886358143146936,3205,9869088.979600005,10272533.195200004,403444.21560000005,9000451.118000014,9363573.39080001,363122.27280000004,1935824.1369000012,42.1248417288452,2914,0.16689541589191872,34544541.1875999,0.015592941957294215,0.029794534111410087,-0.00745450651895041,0.003962560818131483,0.002016670074003732,0.2384835856982619
6400,336113.91010000004,340662.3755,4548.4654,287408.9758,291330.23160000006,3921.2558,192477.64190000008,40.97475912234636,130,424226.9582999999,434025.57039999997,9798.612099999998,396867.3535999999,406665.96569999994,9798.612099999998,253502.05029999997,40.46682400581589,113,0.3854600343069792,1813582.6009999984,0.2328184703663876,0.3226958987475399,0.27539190995862484,0.009224289224398888,0.010635157915911663,-0.5079351165304757
6420,2801722.4949999982,3083675.173999999,281952.6790000001,2466000.1397999986,2675625.0653999983,209624.92560000002,3542072.1575999954,37.96362467572734,951,2089184.350100001,2303569.4666000013,214385.11649999995,1884654.5661000004,2093949.2234000012,209294.65729999993,2768373.5416999985,37.607753091320085,768,0.5570702244238978,21005311.720800012,-0.29346067812899435,-0.2688529113846059,-0.2464519324597454,0.0016325113529579022,0.02160596569857534,-0.35587158440725375
6440,6316632.5650999965,6543792.242699991,227159.67759999988,5785843.7897999985,6008996.013399995,223152.2235999999,2034071.892,41.59920418449247,1929,6427722.118199992,6763356.181099995,335634.06289999996,5957773.135200001,6275031.910299997,317258.77509999997,1063886.579899999,41.737532946192765,1803,0.2455620113701409,24462672.424300052,0.01743397285954451,0.02928256799584439,-0.648110854735334,0.014911604720244186,0.013422552833852262,0.1383287617002935
6515,1251210.7454000001,1347153.7106000003,95942.9652,1171066.6034000004,1264638.6269000007,93572.02350000001,1636681.930799998,40.5298355400053,412,1201751.2767000003,1340897.744699999,139146.468,1153258.9738000005,1292405.4417999997,139146.468,1597705.7923999995,40.18189947951533,356,0.5597797998835409,8226896.302899999,-0.04033178868873044,-0.015323135628694473,-0.024102258942789945,0.032552106769101585,0.03367360231297151,-0.34793606048997106
6520,1430780.9552,1463209.5339,32428.5787,1273832.1864000005,1296471.8934000002,22639.707,199587.3525,40.88580432370461,456,1428396.9616,1480086.4637000002,51689.5021,1347024.5671,1398714.0692,51689.5021,204915.31790000008,40.53318384143664,404,0.1342612042239969,4872698.309100003,-0.0016676081180300173,0.0558683089906431,0.02634481274000855,0.012760664075791812,0.019492465584136903,-0.35262048226797305
6530,345048.87389999995,361790.5872,16741.7133,320108.0937,336849.807,16741.7133,42726.7564,42.29765101488556,117,451286.10000000015,506382.23180000024,55096.131799999996,421866.74260000006,476962.8744000002,55096.131799999996,48011.17110000001,42.21885870293767,128,0.15505989804151502,1717285.9311999993,0.2684154359709634,0.2760307567718172,0.11660837750277508,0.06252884986176271,0.06581368308836888,-0.07879231194788616
6600,467265.5564999997,544758.361,77492.8045,449417.7395999998,526910.5440999999,77492.8045,250437.84259999995,37.24084292959642,147,385879.3299,404990.3863,19111.0564,361330.47680000006,375937.93410000013,14607.457300000002,201440.34039999996,36.80050930405747,116,0.3338976682118766,2100947.9980999995,-0.191373035770793,-0.21815984517226106,-0.2177174962736057,-0.09506278913242511,-0.1082140999277898,-0.4403336255389476
6660,1224131.0548999996,1234047.7486999996,9916.693800000001,893805.8557999996,903722.5495999996,9916.693800000001,152923.5757,39.294248692304045,363,1022226.6361999998,1074759.8708999997,52533.2347,764200.1655999997,790479.7167999997,26279.5512,96493.3823,41.40237610367961,351,0.10135123719365456,4001316.5456,-0.18024802462398348,-0.1566588363454482,-0.4604638625780382,0.0408431360078632,0.022271905221558065,2.1081274113755626
6710,365937.1072,406577.36610000004,40640.25890000001,363670.01680000004,404310.27570000006,40640.25890000001,130445.69600000004,40.34020218739038,122,317151.68710000016,328648.2376000001,11496.5505,256806.84260000006,268303.3931,11496.5505,165768.1739,37.792614159125,89,0.25565411368003815,1514170.4756000007,-0.143081312753484,-0.3479226921220757,0.23963325195639662,-0.06497568852866994,-0.05766843327265443,-2.5475880282653804
6730,935925.8940000004,960419.4011000004,24493.507100000003,874828.9684000005,897930.5253000004,23101.556900000003,57492.35309999999,41.90185642649566,330,595682.4592000006,627235.2673000006,31552.8081,538965.1380000003,570517.9461000004,31552.8081,97857.22070000002,40.052081505545935,222,0.09510185116757051,3289936.5171000035,-0.4518285617593474,-0.4843775127842207,0.5318575352868571,0.0248016539847548,0.029577993868137562,-1.8497749209497272
6765,711238.2283,762838.7132999998,51600.48500000001,583099.0047999998,626500.6742999998,43401.6695,206882.39460000003,40.69753099657926,210,546766.0440000003,601363.4079,54597.3639,497471.18500000035,552068.5489000004,54597.3639,97215.1758,40.74220713777768,156,0.24266215068513683,2727772.1837999984,-0.26298643114940035,-0.15881935616356024,-0.7552236608734848,0.023146582388847203,0.029619653495914583,0.04467614119842267
6800,296532.9658000001,307527.75680000015,10994.791000000001,284749.94140000007,295744.73240000015,10994.791000000001,56115.831099999996,57.97540754482511,133,268323.2953999999,270508.3750999999,2185.0797,194634.90789999996,196819.98759999996,2185.0797,11374.999,57.1029046960867,130,0.17172202980320178,1126121.4634,-0.09996581579045127,-0.38048586003139917,-1.5960000900903086,-0.027674512125176843,-0.026074705247147317,-0.8725028487384066
6820,481825.8059000002,505767.5764000002,23941.770500000002,430026.7400000001,453968.51050000015,23941.770500000002,42211.1703,47.088368091038696,143,324071.38809999987,327055.44889999996,2984.0608,324071.38809999987,327055.44889999996,2984.0608,59022.270599999996,46.84532017477037,128,0.06395628332220227,1274616.087199999,-0.39661882501827606,-0.2828835676362349,0.3352299554117977,-0.0382134747041747,-0.04361481423621917,-0.24304791626832412
6840,255586.34060000005,304600.42299999984,49014.08239999999,248729.17570000005,297743.2581,49014.08239999999,42751.253800000006,45.36754572558287,204,313756.53229999996,353719.6802999999,39963.148,281009.08259999985,320972.2305999999,39963.148,17955.1748,46.29184769625221,184,0.11216853758044554,1205623.0893000013,0.2050570297656371,0.12202233447587041,-0.8675201605272704,-0.04793300631004202,-0.040112054639670255,0.9243019706693403
6940,412188.3712999999,441568.4235,29380.0522,400645.6641999999,429276.61359999987,28630.949399999998,98551.59540000003,52.220762098005025,239,470695.40789999964,497031.6167999996,26336.208899999998,423110.0708999998,449446.2797999998,26336.208899999998,108649.33789999998,52.01166892862189,243,0.1737151732209795,1755920.1165000002,0.13273073571081184,0.05455495383873732,0.09754539060006628,-0.013548683748008085,-0.008098793541149403,-0.20909316938313793
7000,2890938.3724000007,2913018.954900001,22080.5825,2372260.660100002,2389467.413900002,17206.7538,215054.3017000001,44.31405856152764,924,3153718.238100001,3200511.2636000016,46793.025499999996,2695916.529400001,2742709.5549000013,46793.025499999996,248283.1333000001,43.626485983539546,955,0.09074233150801796,9085094.776600009,0.0870010040149527,0.1278948661377317,0.1436791992068578,0.007040519288847496,0.009859791964701395,-0.6875725779880923
7010,1268315.2087000008,1302039.8362000005,33724.6275,942656.5676000003,965730.5096000003,23073.942,327541.28709999996,40.6558619326501,399,1427746.0395000002,1489921.2383000006,62175.198800000006,1024505.2304999995,1065279.9860999996,40774.755600000004,357026.63659999997,38.96830821403276,406,0.18499322660596196,5244315.670899998,0.11840759218879882,0.08326304808784712,0.08619627671082242,0.015829148050102132,0.014383358982418007,-1.6875537186173375
7020,1029294.0203999998,1068390.1914999997,39096.17110000001,816643.2897999999,855739.4609,39096.17110000001,140361.71290000004,41.40610711885396,343,1116745.4996000002,1170264.5135999997,53519.013999999996,829655.0293000002,883174.0433000001,53519.013999999996,352714.3215,41.921434955587394,342,0.16290449970946552,3950143.853900004,0.08154550118527304,0.015807597317985866,0.9214356874881258,0.009138875415019503,0.014911487898068052,0.5153278367334337
7130,669024.5574,690555.0989000002,21530.5415,603746.5887000002,625277.1302000001,21530.5415,107477.4632,40.9653730191622,198,584473.3062999995,591226.1857999996,6752.8795,510358.9411999999,513453.10829999985,3094.1671,25386.227400000003,39.86014462069412,154,0.117948291367636,2233964.9362,-0.13510965649858164,-0.16804027032709357,-1.4430743823189616,-0.019756779703536356,-0.02840740608779782,-1.1052283984680784
7140,1381902.3218000003,1432779.4743000001,50877.1525,1136619.5894000004,1187496.7419000003,50877.1525,336953.22900000005,41.95703540570552,447,1450219.6289000008,1522931.9956000005,72712.36669999998,1304697.0052000002,1375928.6663000002,71231.6611,266673.2909,41.2774668526524,438,0.18454499426157003,5173294.310800006,0.04825396919282099,0.13791224907388866,-0.23391985480420807,0.01223557683060518,0.008925843943049114,-0.6795685530531159
7150,1250549.813599999,1282912.488199999,32362.6746,1202689.9412999994,1235052.6158999994,32362.6746,279640.6628,40.80698064502332,404,1068974.5907999997,1124777.3311999992,55802.7404,1034507.3249,1090310.0652999997,55802.7404,294613.0481999999,41.35231455457739,336,0.19779504149012656,4895504.233599991,-0.15688344285777767,-0.1506353670701337,0.052157362458842726,0.024386314662425263,0.02497713721217899,0.545333909554067
7200,8374902.007199993,8640953.504199998,266051.4969999999,8016362.928199998,8280387.5535,264024.6252999999,2760476.7922999985,41.607959929196184,2590,7804633.388299997,8074940.163199994,270306.7749,7298460.785899995,7563489.635599994,265028.8497,2313911.801300002,41.68115462627409,2255,0.22768605134916395,33410892.37010006,-0.07052179553576998,-0.0938213441161384,-0.17646390285257496,0.002685171839972786,0.0031550121048879026,0.07319469707790915
7210,3510703.6193,3588643.9656999996,77940.3464,3371106.363400001,3449046.709800001,77940.3464,593074.6520000004,42.45388454169371,1177,3332025.100899999,3391407.501699999,59382.40079999999,3183466.4050000007,3242848.805799999,59382.40079999999,544000.5366999998,42.72524995974757,981,0.1576782515850857,12217586.93310002,-0.052236221167580865,-0.0572703206625409,-0.08637004633958867,-0.0042089440536316435,-0.00428584821711676,0.27136541805386116
7220,2132891.1175999986,2193461.3860999984,60570.26849999999,1932272.0139999993,1989219.8887999996,56947.87479999999,260988.8432999999,44.00719185786468,792,1955257.8509000014,2008885.3758000014,53627.52489999999,1867521.2055000016,1916261.1683000014,48739.962799999994,210864.6744,43.28411080809818,661,0.098364441157205093,7409992.342000004,-0.08695631380157387,-0.03408452689519059,-0.21326108626565343,-9.18847587877792e-4,-0.0031933183006726783,-0.7230810497665061
7240,393598.0288,397468.6125,3870.5837,354547.7346,358418.31830000004,3870.5837,37685.6753,43.02271908899926,154,435967.2774,447688.5872,11721.309799999999,366462.0946,378183.4044,11721.309799999999,31740.248,39.78443762507816,140,0.08901528248000731,1566333.6375000014,0.1022370316621668,0.033052100380997373,-0.17169452817923592,0.01644375098351508,0.02019465028709436,-3.2382814639210977
7260,956895.7430000004,980861.7625000002,23966.0195,863179.5101000001,884492.2762,21312.7661,229267.25519999996,35.408876359100894,319,1119791.0333,1144319.4462,24528.4129,1032773.9011,1057302.314,24528.4129,112486.6716,38.13649794055811,295,0.13624099720961877,3254518.0172000043,0.15720292543609915,0.1793808926492133,-0.7120536363929286,-0.0029987012756320652,-8.969920096943626e-4,2.727621581457214
7315,4974305.02339999,5082255.507999994,107950.48459999998,4536239.0123999985,4644189.496999998,107950.48459999998,1153262.3069999993,41.66218472829124,1530,4924391.292100005,5104054.070300005,179662.77820000006,4640009.635800004,4819672.414000002,179662.77820000006,996352.3287999996,41.38094170557604,1332,0.18306302930849103,18189111.22840003,-0.01008499559071474,0.022618185551740666,-0.1462490551541844,0.013959350090795502,0.014032765549351893,-0.28124302271519497
7320,344796.6241000002,351147.93570000015,6351.3116,306215.7497000001,312567.06130000006,6351.3116,135511.5234,39.95873759555942,123,311278.18690000003,327568.87320000003,16290.686300000001,297305.39999999997,313596.0863,16290.686300000001,138598.022,39.526489071469896,85,0.293082989283395,1441507.935799999,-0.10226774384847204,-0.02953002458000853,0.022521135123501068,0.031644813325176255,0.031628153263029785,-0.4322485240895233
7330,3966044.8311999985,4034110.0194999976,68065.1883,3689789.250099998,3740824.1752999984,51034.9252,780048.1513000001,43.232512569199464,1246,3050206.9681000025,3127781.5558000044,77574.58769999999,2840352.772100004,2912780.2639000043,72427.49179999997,657868.6978,43.0444708933313,934,0.14947285290888854,14342049.785500012,-0.26255988720623336,-0.2616410826401676,-0.17035028621749682,0.007929374589161129,0.011222720080087192,-0.18804167586816334
7340,6782396.662299998,7082902.517699997,300505.85539999994,6137471.1298999945,6414321.333299993,276850.20339999994,1650715.3060999992,40.15288705331639,2272,6288885.975899999,6542978.534499999,254092.55860000005,5622245.715099999,5853726.012299999,231480.29720000003,1175481.9586000002,40.53531252457834,1931,0.18829672447931764,24578915.416600075,-0.07554658482748167,-0.08768161170005762,-0.3395304717905976,-0.0035925498031986955,-0.003617167023016135,0.38242547126194637
7360,450280.54859999986,472524.7166999999,22244.1681,415373.06559999986,437617.23369999987,22244.1681,34693.745899999994,43.947988699698016,165,422470.423,448533.9761,26063.553100000005,378812.77290000004,396840.2726999999,18027.499799999998,10656.7607,44.53520169908514,110,0.0665332731381445,1479664.4349000012,-0.06375139022583198,-0.0921349895468051,-1.1803649390173074,0.011033172027619297,-0.005402595659856346,0.5872129993871269
7410,1482128.5947000007,1510874.0840000014,28745.4893,1399494.2298000003,1428239.7191000006,28745.4893,65852.3416,44.85870081698732,509,1343241.1052000006,1383872.3418000008,40631.236600000004,1230151.298500001,1269406.1356000009,39254.8371,120283.87040000001,44.19765207514811,399,0.0579558331635998,4568041.241900005,-0.09839386540725847,-0.1289737381907603,0.6024395486911427,0.010334803511709099,0.010797264993875386,-0.6610487418392097
7420,1403602.4851000009,1410868.531400001,7266.046300000001,1241967.7441,1249233.7904,7266.046300000001,323942.53560000006,41.94858354605589,413,1017040.1396999989,1071932.465599999,54892.3259,905095.6662999995,955706.0591999994,50610.392900000006,207954.18229999996,41.806625973642404,284,0.13945649681951705,5055464.325999993,-0.3221455502249082,-0.3164116444902483,-0.4432483627702162,0.04605870196818804,0.04713962158042887,-0.14195757241348872
7430,487683.6017000001,493795.26750000013,6111.6658,335757.87770000007,341869.5435,6111.6658,77876.90310000004,38.85670065174205,175,540932.7475000003,558877.9611000003,17945.2136,370198.50310000015,377017.25470000017,6818.7516,158454.0644,36.50718036927611,170,0.1641434990175435,1859668.534100001,0.10362812125230114,0.09764905851982242,0.7103353221117157,0.01973243732461871,2.088593798651485e-4,-2.349520282465946
7630,2090667.2393999996,2151181.2635999992,60514.024200000014,1764084.9625999997,1814597.575,50512.61240000001,461608.08359999995,40.484908866707634,633,1836316.0608999995,1888423.3666999992,52107.30580000001,1634920.7821999996,1687028.0879999993,52107.30580000001,349388.42129999993,38.84531178609528,540,0.20649879845453,7689387.650599991,-0.12972184448517154,-0.07603776924234928,-0.2785319688308032,-5.37581014972581e-4,0.0030502285782016865,-1.6395970806123543
7700,7705270.710200001,7816385.476900003,111114.76670000001,6395429.196299998,6485902.099099995,90472.90280000001,1564741.250000001,43.028092781189976,2442,7013378.368600006,7156985.783000004,143607.41440000004,5812815.453500004,5930201.545600002,117386.09210000001,1478489.4345000004,43.40630373986185,1978,0.17088761336373845,28174287.851700068,-0.09408508195008736,-0.09551850612298374,-0.05669956066859605,0.005849728437256044,0.00584545843762959,0.3782109586718718
7720,789193.3581999999,838821.2930999997,49627.9349,730786.7451000002,780414.6799999999,49627.9349,476814.7033000002,41.290999799283064,265,1036554.0360999998,1107614.2689,71060.2328,977936.6878999998,1014752.4095,36815.721600000004,532832.2529000001,40.118025947937,274,0.37085477582469606,3981170.2912999983,0.2726457055049174,0.29132324482192473,0.1110786993825208,0.004992223972810475,-0.027311252727580018,-1.1729738513460646
7750,8480221.685300002,8987562.177800002,507340.4924999999,7697588.467999988,8193116.866099998,495528.3980999999,3285707.7425999953,40.72555300746386,2592,6880113.027199999,7255475.107099999,375362.07990000007,6320471.379999994,6661110.651199994,340639.2712000001,2234155.152599996,40.7735078390183,1896,0.2667269309197157,36288991.50049993,-0.20910151141414524,-0.19711330301219476,-0.3857189266719008,-0.00471416711213004,-0.009342551018513182,0.04795483155444202
7800,2025792.3164000015,2147569.2503,121776.93389999997,1778172.8862000022,1898395.0881000014,120222.20189999997,1046533.5265000006,33.18687719569725,657,2181308.5052999994,2260885.8603,79577.35499999998,1655730.9796999989,1724086.4136999985,68355.434,760574.3759999999,32.129713697797676,615,0.33682248554940464,8523033.56949999,0.07396403713152289,-0.07134377780317536,-0.3191646724282631,-0.021507120899380075,-0.02368099956279994,-1.0571634978995732
7810,1851728.8665999987,1929771.7544999984,78042.88790000002,1658523.7075999996,1736566.5954999991,78042.88790000002,1191340.8021000002,39.342857925963244,626,1683558.1884999992,1725961.2748999994,42403.0864,1505099.9535,1547503.0399,42403.0864,871532.2112000003,38.87229035115139,505,0.3621899025215076,8853091.750700003,-0.09521020215720455,-0.09706856362513783,-0.31258185136213434,-0.015873703487313436,-0.01753994146609564,-0.4705675748118523
7840,795614.8827999997,810193.6414999994,14578.758699999998,765688.6574999999,775316.5444999997,9627.886999999999,291828.9914,37.308568867027354,261,840135.6159000001,869345.9464000001,29210.330500000004,725677.8439000003,754295.1480000005,28617.3041,207366.0083999999,36.742803291641195,229,0.24960723342303512,3275212.6847000057,0.054448073116141416,-0.053669459608606473,-0.341682596381764,0.015606187013896378,0.025521125277733647,-0.565765575386159
7855,993767.5625999996,1039273.2385999997,45505.67599999999,936758.8327999995,982264.5087999996,45505.67599999999,526159.3536000001,41.021047586146025,313,1105013.0094,1158138.3966999995,53125.3873,972231.1525999998,1012051.5618999997,39820.4093,463167.0684000001,41.28320999591866,310,0.3576032415857728,5013216.376200001,0.10610904822624079,0.03716772067865115,-0.12751629259226505,0.0020853076485150834,-0.006981087839852768,0.2621624097726354
7900,938698.4515000002,1007142.1440000006,68443.69249999999,841208.7630000005,905950.9753000002,64742.21229999999,162226.29039999994,43.469892858341865,299,571189.5654000001,583914.0656000001,12724.5002,512407.44870000024,522751.83190000016,10344.3832,70114.5223,41.695651051188264,166,0.1866628177787539,3238044.2393000014,-0.4967731467183967,-0.4957197542331748,-0.8388622767973093,-0.046166590012754145,-0.05167493732661809,-1.7742418071536008
7950,977147.7348999997,1022736.2265999997,45588.4917,929281.0096999999,974869.5014,45588.4917,248400.7747000001,41.970462667645066,305,850798.6754000002,947103.5774000001,96304.902,810192.5040000003,873869.0290000002,63676.525,258576.20130000002,41.73543254128666,249,0.17544700873226507,3791608.2844999977,-0.1384623269683125,-0.13713930060659152,0.040146964285982634,0.057108576858015916,0.026103668818003682,-0.23503012635840292
8030,2999082.3878999995,3062267.2960000015,63184.9081,2860971.7148999986,2920044.2021999997,59072.4873,464584.34000000014,41.62472119668988,996,3144369.0626999987,3229626.2389999987,85257.1763,3021183.309299999,3106440.4855999993,85257.1763,567137.2749000001,41.80075448926145,887,0.12863219790706928,10846039.98609998,0.04730688285255802,0.054487251334425224,0.1994582684777768,0.005765090777203819,0.007215297615337953,0.1760332925715673
8130,444475.71209999983,453321.0809999999,8845.368900000001,407934.17230000003,416779.5412,8845.368900000001,0,44.87301589194411,136,243806.18369999994,243806.18369999994,0,206563.55099999998,206563.55099999998,0,52314.799999999996,44.0753054575171,72,0.05186676311654203,1392405.8773,-0.6005218319678853,-0.6804977009036417,Inf,-0.01951237052662019,-0.021223136036217706,-0.7977104344270032
8140,5482078.589100008,5772028.342300002,289949.75320000015,5241128.168500009,5531077.921700007,289949.75320000015,1431729.9417,42.92966059415264,1862,5164014.831499996,5389096.195699995,225081.36419999998,4895758.0469,5120839.411099997,225081.36419999998,1223402.4765999997,42.97512905485821,1594,0.20479709774823776,20481579.871099975,-0.05976998854687565,-0.06816764902787575,-0.15724757037251536,-0.008467529194016152,-0.008467927422362007,0.04546846070557109
8220,2812504.5131000006,2982952.1735000005,170447.6604,2677879.832900001,2841629.8169,163749.984,998644.6554000003,40.593723623134466,861,3093765.0135999983,3171584.336099997,77819.32250000001,2837184.1983999987,2894324.982899998,57140.784499999994,841335.6911000002,42.13554638532173,808,0.2610123417526878,12673877.646499962,0.09531342801686726,0.057786706590109205,-0.17140827766603017,-0.03260417534092605,-0.037883022415506014,1.541822762187266
8255,1410913.5140999996,1478380.3376,67466.8235,1096366.0595000002,1163832.8830000008,67466.8235,375593.2777000001,39.27905536784321,411,1065101.8923,1091535.7297000003,26433.8374,903618.8877999997,930052.7251999994,26433.8374,236064.85400000002,38.18909248229017,297,0.2120815163877959,5192338.422300001,-0.2811669088392499,-0.19334872042941065,-0.4644002773182532,-0.021418526809134662,-0.029547641599814448,-1.0899628855530423
8300,740061.2555999997,800558.6969999996,60497.4414,679646.9198999996,740144.3612999995,60497.4414,524186.8281,34.01247573541026,282,830691.4819999998,892296.3616000001,61604.879599999986,818061.1240000001,855203.3703000002,37142.2463,723886.2819,35.881513378853946,237,0.4196470448006162,4190928.040099996,0.11552550417964724,0.18536362964787756,0.32278614789960614,-0.0065281985439119145,-0.038306460363868165,1.8690376434436828
8320,818650.7166000002,880043.4848000001,61392.7682,717119.8230000003,772953.3964000001,55833.5734,573582.1141,37.21276774860543,295,509622.5871000001,537837.9728999999,28215.3858,451927.78820000007,478370.70019999996,26442.912,328615.29610000004,35.90869068575927,174,0.4015464995477289,4498693.226400003,-0.4739870909582997,-0.4617205373422415,-0.5570133531453738,-0.017300307713144433,-0.0169570437832203,-1.3040770628461615
8350,412128.8366999998,416619.3556999998,4490.519,338782.8233999999,343273.34239999985,4490.519,258461.047,29.059568103512756,185,448598.0399999999,468700.70669999986,20102.6667,278999.2195,294395.2248000001,15396.0053,283196.3939,32.7832359859058,132,0.34934984537401337,2090371.2066000015,0.08479124202539978,-0.19415027881917446,0.09139563432872855,0.032111729796636866,0.039215594629312095,3.723667882393041
8500,595527.8391999992,626053.6246999995,30525.7855,543672.6643999993,565622.4067999995,21949.7424,129172.5775,40.09170297169656,200,445037.41100000025,457933.9276000003,12896.516599999999,407462.6383000002,420359.1549000002,12896.516599999999,40725.3916,40.29225673796279,138,0.196199892153448,2084081.647099999,-0.29128978869344735,-0.2883981025727511,-1.1542975502115578,-0.02059666282589269,-0.008126595620388054,0.2005537662662249
8600,510060.77320000005,512965.00310000003,2904.2298999999994,402893.0578999999,405797.2877999999,2904.2298999999994,14546.995299999999,42.899099843697165,195,476550.53029999987,476550.53029999987,0,419100.3570999999,419100.3570999999,0,90638.01740000001,44.48581745966775,127,0.03985036232216852,1321940.241699999,-0.06795611958340508,0.03943924527585985,1.8294892794348225,-0.005661653100014376,-0.0071568489669930225,1.586717615970585
8610,830962.4000999997,832670.6047999997,1708.2047000000002,619189.4425,620897.6472000001,1708.2047000000002,112965.6388,41.60634430181424,269,944881.3484000001,957433.1649000001,12551.8165,755222.8076000005,767774.6241000006,12551.8165,234465.84270000007,42.41964675473436,242,0.1681007391147891,3053075.332699998,0.12847481510070047,0.19860154321272105,0.7302262260946542,0.011058384699641755,0.013597122958299956,0.8133024529201194
8620,1181874.3311999997,1188546.5490999995,6672.2179,997266.6645999998,1003938.8824999997,6672.2179,43720.7935,41.333984838567126,370,1111549.4748999996,1134182.7108999996,22633.235999999997,924166.1357999999,938644.2334,14478.0976,30706.546899999994,41.01799406447556,335,0.03492174138436191,3484965.805700005,-0.06134662928758772,-0.07612634507108318,-0.353347926802531,0.01434178427620282,0.008778438360253792,-0.31599077409156706
8630,521397.05580000026,535949.6176000005,14552.5618,430381.73090000014,444934.2927000003,14552.5618,23970.861399999998,45.675085017687216,192,453066.5714000001,466868.1763000001,13801.604899999998,362649.47760000004,372142.0925999999,9492.614999999998,18676.0835,49.12217932731359,167,0.06218568234088465,1478238.0547999989,-0.14047278334424718,-0.1712358198519972,-0.24959523631049763,0.0024092483861415694,-0.007199176543082723,3.4470943096263724
8640,499460.9696000001,534469.6478,35008.678199999995,303666.5675,338675.2457,35008.678199999995,66697.6712,42.018533624599236,163,704950.1367999996,715619.1959999995,10669.0592,474900.44340000005,485569.50259999995,10669.0592,11420.322400000001,41.60942696937498,213,0.14442660976431845,1983104.1902,0.3445976162710025,0.4471749071973061,-1.764775602766571,-0.050592864422249195,-0.08139720309340909,-0.4091066552242566
8650,829407.7279999995,855418.9253999996,26011.197400000005,800487.3013999994,826498.4987999995,26011.197400000005,218572.69190000003,43.04891427594973,251,544267.1088999998,547536.9410999998,3269.8322,527557.0870999998,530826.9192999998,3269.8322,200815.64039999995,43.89816085078652,150,0.20197287372200937,2948231.077900001,-0.4212717299900266,-0.4169635874903648,-0.08473137002658682,-0.024435660954547175,-0.025311676457630654,0.8492465748367906
8710,398692.6279000002,414522.84620000015,15830.2183,394053.3635000002,409883.58180000016,15830.2183,262376.1373,39.78392727209337,138,353638.35520000005,384093.11040000006,30454.7552,352465.9160000001,382920.6712000001,30454.7552,196423.84979999997,38.567699616880226,106,0.3227170720975055,1982486.8220999984,-0.1199159684035287,-0.11153241510329792,-0.28950428939230477,0.041101019633069856,0.04091155041215039,-1.216227655213146
8740,7442254.714699991,7777224.161199987,334969.44649999985,6154211.909000005,6465093.401800001,310881.4927999999,2045148.8390999998,40.97000722101912,2265,6621311.491199996,6935916.139599999,314604.64840000006,5123619.535599993,5349206.3304999955,225586.7949,1529270.2117999992,41.14304807319842,1934,0.19614165945232387,28180692.112700023,-0.1168803952039692,-0.18327558082511608,-0.2906799329434584,0.0022882073900235556,-0.005914144202213409,0.1730408521793052
8750,388490.8983,395015.92159999994,6525.0233,222469.75509999995,228994.77839999995,6525.0233,191306.35909999994,34.42748917632419,123,323149.84500000026,323149.84500000026,0,236672.98229999997,236672.98229999997,0,87105.83429999997,39.01398287884499,123,0.3281188601047306,1907486.2209999992,-0.1841536096786598,0.06188820655398608,-0.7867522518575534,-0.0165183805087415,-0.028494201245944224,4.586493702520805
8760,676786.8513999998,682944.7351999999,6157.8838,507976.20429999987,514134.08809999994,6157.8838,225659.98009999993,36.91251448517376,203,549367.7161999998,552635.5986999997,3267.8825,356264.98219999997,359532.8647,3267.8825,189100.119,39.48007809287459,144,0.20578030812487472,2930540.4200000004,-0.2085883704902951,-0.35475981855542393,-0.17675274856364886,-0.003103396688707764,-0.002887948588688077,2.5675636077008335
8800,1878271.9767999991,2045491.098999999,167219.12219999993,1732251.5214999998,1887671.3167000003,155419.79519999993,1797561.7486000003,39.99191600214399,589,1086536.8565000005,1204370.5098000001,117833.6533,1005113.5709000009,1116779.0911000003,111665.5202,824938.9031,39.788685148457674,352,0.4457887392367578,10655664.188899998,-0.5473567505111667,-0.5443214788653865,-0.7788771147508857,0.01608826484220674,0.017654766180260018,-0.2032308536863141
8810,1435453.7324999995,1520638.7009999992,85184.9685,1371003.3430999997,1451466.1205999996,80462.7775,312862.28199999995,41.27511055694772,436,1312283.6498999998,1338406.2113999994,26122.561499999996,1202899.9861,1229022.5476,26122.561499999996,471297.66929999983,41.241529610503214,386,0.2766088593474852,5736933.489200001,-0.089712125404656,-0.13080754255381777,0.4097267885553215,-0.036501540194276594,-0.034180773327708885,-0.03358094644450915
8950,518889.9541,594070.2408000001,75180.2867,407561.62950000004,466613.0738,59051.44430000001,200566.98429999992,36.36033441113827,194,659146.2012000001,699904.2835000003,40758.0823,562751.7222000001,597487.7490000002,34736.0268,223810.21559999997,34.54273317631764,192,0.242813318879289,2395292.4077000013,0.23925353681352313,0.32264638082849295,0.10965016371215697,-0.06831737986385891,-0.06841654110473094,-1.8176012348206285
8965,11608909.036999963,12194870.491299968,585961.4543,10468204.94659998,11003443.829599986,535238.883,4123569.0904999967,40.85008855203027,3732,10323961.849900004,10790643.343700005,466681.49379999994,9224807.679199988,9627743.423299989,402935.74410000007,3445711.0055000014,41.16551393098684,2832,0.2320418402628321,46213248.72209984,-0.11730523719987573,-0.1264462209414603,-0.17958880162196422,-0.004801111767790821,-0.006791326440900872,0.31542537895656864
9000,3136200.0327000017,3227137.9301000014,90937.8974,2640652.279700001,2716381.8784000017,75729.5987,840137.6687000003,43.12307608745147,1026,2541304.8645999976,2600701.291299997,59396.4267,2062288.7273999997,2089738.5653999997,27449.838000000003,640933.9254000004,42.74581861337772,713,0.1780832611470212,11795905.347699985,-0.21033421105264694,-0.24720956350414802,-0.2706393986098785,-0.00534049773061605,-0.014743311560333327,-0.3772574740737511
9030,2344140.0539000025,2378008.3608000027,33868.306899999996,509404.7426000002,522812.04520000017,13407.302599999999,267041.91180000006,38.97200119645247,772,1621088.4613999992,1677654.132799999,56565.67140000001,296798.8862999999,296798.8862999999,0,400742.33360000013,40.56575039850576,531,0.10808481394077968,7339400.0783,-0.3688208065066334,-0.5401881137431506,0.40591304206069445,0.01947482405235794,-0.02564459392834202,1.5937492020532957
9050,1390804.2467000003,1413086.3445000001,22282.0978,697929.5016000003,719820.7417000004,21891.2401,283873.58680000005,33.991447377246054,360,988700.9261000004,999489.0981000004,10788.172,505046.81150000024,515834.98350000015,10788.172,167815.21069999997,33.10722377858638,254,0.13931905837689196,4342030.323400005,-0.34124556796435,-0.3234669760694526,-0.5256655844460276,-0.00497470434575592,-0.009498073466151787,-0.8842235986596734
9120,5004242.3148,5291362.252600001,287119.9378,4461729.427500002,4706081.448900001,244352.0214,837933.0624999995,35.352365291788786,1677,4450715.871400002,4717363.3083000025,266647.4368999999,3857632.303399999,4098645.1609,241012.85749999995,1042113.5224000008,35.137180997447246,1366,0.15355294266574673,17692163.612999998,-0.117221062435382,-0.14548285251159676,0.2180679434134074,0.0022626694989855076,0.006880447353992902,-0.2151842943415403
9130,32762609.242300075,34325287.414199986,1562678.1719000002,29952686.29950005,31428675.331600033,1475989.0321000007,10052584.8887,43.943998226199156,10605,31000815.74699991,32489204.435199946,1488388.6881999988,28360082.25759996,29764266.18839998,1404183.9307999986,9871802.212700006,43.037987412950635,9272,0.22214713819538096,128460455.05930027,-0.055274384455774594,-0.05463641120470797,-0.01814737250780496,2.8622538273778697e-4,2.137047545966858e-4,-0.9060108132485212
9140,2712659.8698000005,2922918.8247000007,210258.95489999995,2165027.2519999994,2357479.010799999,192451.75879999998,3907089.443299999,35.93265753701223,856,3018879.001499999,3182179.5699999975,163300.5685,2397471.6501000016,2555286.9508000007,157815.3007,4445270.093800003,34.40488070861568,824,0.5838271369145833,19722446.423699938,0.10695591561693973,0.10198175402563692,0.12904792172918533,-0.02061737852213584,-0.01987425403729641,-1.5277768283965543
9150,1880106.2986000006,1969369.841,89263.54239999999,1554647.1660000004,1625801.9644000004,71154.7984,1000254.8990999998,35.67687601369068,601,999652.1406000002,1058732.8083999997,59080.667799999996,841030.9229000001,882245.6971000001,41214.77419999999,261144.17189999993,36.63171819165973,281,0.2967003796780101,7684714.526399998,-0.6316762369690565,-0.6143754674727795,-1.3429375080267647,0.010477248149397426,0.002949786397169328,0.9548421779690486
9200,451968.76689999993,459226.6493999999,7257.882500000001,351306.3217000001,358564.2042000001,7257.882500000001,35222.61029999999,48.36110324643528,198,429042.61879999994,433585.3413999999,4542.7226,337058.6633,341601.3859,4542.7226,35959.145500000006,49.38588094600734,135,0.03922142572720282,1636177.3931000002,-0.052056819150148925,-0.04140156399346395,0.020695232345747883,-0.005327463079108124,-0.006943200078043953,1.0247776995720628
9310,428357.0755999999,481194.6775999998,52837.602000000006,347268.26099999994,360042.63899999997,12774.378,93776.1337,48.13923082829276,165,453031.18830000004,455218.2473,2187.059,318577.55539999995,320764.61439999996,2187.059,18114.764600000002,50.20246806867074,157,0.12177529544894776,1528841.3394,0.05600383491606742,-0.08623162031355847,-1.6441830559641062,-0.10500062388039619,-0.0286619133316976,2.0632372403779797
9350,394058.9474000002,449773.23560000013,55714.288199999995,348716.47190000006,401665.5491000002,52949.07719999999,278297.00719999993,35.13774832136362,134,591678.6743999998,677448.6365999997,85769.9622,470705.4223,556475.3844999999,85769.9622,194636.2455,35.709400212174685,161,0.37532499855028967,2204742.4115000004,0.40646319699860634,0.299973277399447,-0.35755650577952025,0.0027353776862091284,0.022306943423057363,0.5716518908110686
9360,862026.0117000001,950576.8507000004,88550.839,770316.6802000004,858867.5192000002,88550.839,138077.09780000002,36.04068005936447,300,915738.0619000001,1008612.7787999999,92874.71689999998,793412.4591,875800.4340000001,82387.97489999999,96353.0587,38.30563731115461,311,0.09757984236684204,2940374.2559999973,0.0604449189612275,0.029541508100026093,-0.35979306878871853,-0.001073206683365746,-0.009030229729893716,2.2649572517901433
9410,343880.55470000004,359740.5064000001,15859.9517,303357.82620000007,319217.7778999999,15859.9517,111754.1269,41.02495953297452,137,326403.40060000005,326403.40060000005,0,270396.4967,270396.4967,0,108552.28450000001,41.57131524729213,103,0.1907554751998815,1426904.0891999996,-0.052160330827057066,-0.115023665203557,-0.02906922086175534,-0.04408720012854243,-0.04968379832832613,0.5463557143176061
9420,996632.5727,1007511.1097,10878.537,798515.3438999996,804676.4406999997,6161.096799999999,119500.0169,44.51003209474784,300,914574.7555000002,934388.5344000005,19813.778899999998,631687.8914000003,651501.6703000006,19813.778899999998,173506.35220000002,42.47484428131491,285,0.13447681498404376,3172064.758899995,-0.08592295997897992,-0.23435875393040462,0.37289769802630524,0.010407638673635674,0.022755862107575534,-2.035187813432934
9510,586500.2517,589172.2124,2671.9606999999996,531379.5619000001,534051.5226000001,2671.9606999999996,81178.3139,45.241014690908436,205,572530.4720000002,604770.8143000002,32240.342299999997,530217.3346000002,562457.6769000003,32240.342299999997,116680.92370000003,43.758999306090814,179,0.11252595501751582,2091026.1847000013,-0.024107137036644133,-0.002189583952569407,0.36279492019101944,0.04877490700525975,0.05231728794890548,-1.4820153848176219
9560,327723.6237999998,348582.61659999983,20858.9928,327262.2262999998,348121.2190999998,20858.9928,59960.8405,42.78278614081977,155,337655.38839999994,360062.80040000007,22407.412,315808.61419999995,335274.5715999999,19465.9574,66453.0296,45.21337676856253,116,0.14971091174700746,1166817.0066,0.029855171607827913,-0.0356253859852238,0.1028036854799268,0.0023925028913818827,-0.001859014153562967,2.4305906277427596
9600,5706083.214099995,6165610.030599995,459526.81650000013,5416606.355399997,5854397.961499995,437791.60610000015,1638278.4582999991,41.03407064935959,1577,5671723.686999994,5945779.068099997,274055.3811,5536218.480799994,5804689.337599998,268470.8568,1490876.2890999997,41.376308145753846,1401,0.217794072765034,22457252.95140005,-0.0060397635234927805,0.021842197341097602,-0.09428190936850278,-0.028438206792313854,-0.02852926850950749,0.3422374963942545
9610,3233873.511500001,3473914.3316000006,240040.82010000004,3115699.990500001,3354004.8786999993,238304.88820000004,1173660.7360000007,33.73632704727859,993,3313836.663799997,3664772.0796999983,350935.4158999999,3113424.879799997,3455710.8663999974,342285.98659999995,1192108.2100000002,33.62114711468073,926,0.26108099472791646,13573809.095500069,0.024425982767018795,-7.304752588979113e-4,0.015595646342099201,0.02666105536585968,0.027998523472455933,-0.11517993259786152
9620,21451532.199800033,23357134.658100028,1905602.4583,19800448.074200023,21627618.550800044,1827170.4766,5465016.304799998,37.0825033868497,6615,19245857.407699954,21020511.717999954,1774654.3102999984,17558840.53879993,19240197.726899974,1681357.1880999983,5392324.547400003,36.40496518533832,5394,0.18522835168782165,79956162.8586999,-0.10850023607401127,-0.12014700996969196,-0.013390542778846992,0.0028394312424204343,0.002904526715312189,-0.677538201511382
9640,5025856.233099994,5631461.292700001,605605.0596000002,4616381.234199997,5169177.700399994,552796.4662000001,3187865.710799996,34.336644938594546,1471,3949169.281399996,4438869.701000002,489700.4195999998,3704162.8107999954,4189037.8594999993,484875.0486999998,2884833.6239999994,34.8447350762323,1021,0.3518608012183005,25001624.766500022,-0.24109058578762088,-0.22015384430933338,-0.09988440773020457,0.002781378167221016,0.008807657293529322,0.5080901376377511
9720,883862.9022000007,923013.6808000006,39150.7786,797450.5769000007,834229.5851000004,36779.008200000004,377615.6413999998,38.95773763368438,264,1088248.3640000005,1158024.2680000004,69775.90400000001,1012510.7790000001,1082286.6830000002,69775.90400000001,272447.9702999999,36.03942393809291,301,0.25683182620569256,3977112.5475000017,0.20802271449903564,0.23876858465051498,-0.32642919541852855,0.0178380179613451,0.02038342076807327,-2.918313695591472
9750,588176.6277000002,606677.5894000003,18500.9617,559838.4359000002,576401.3848000002,16562.9489,191737.45229999995,42.99169214496446,199,672528.8642999997,694925.3248999997,22396.4606,585787.9527999997,608184.4133999996,22396.4606,136126.13,41.1396002193356,192,0.17523377914660854,2104745.1821000013,0.13401774141080303,0.04530963401996324,-0.34254511788414455,0.0017330443470094346,0.008090018793816024,-1.8520919256288622
