date,nc_quintile,avg_wage_nom,n_ind,avg_wage,yoy,yoy_nom
2006-03-01,Q1 (lowest),23.230085199967423,42,NA,NA,NA
2006-04-01,Q1 (lowest),23.311817135326198,42,NA,NA,NA
2006-05-01,Q1 (lowest),23.31903565781826,42,NA,NA,NA
2006-06-01,Q1 (lowest),23.39884881483105,42,NA,NA,NA
2006-07-01,Q1 (lowest),23.51680829074344,42,NA,NA,NA
2006-08-01,Q1 (lowest),23.563142042878425,42,NA,NA,NA
2006-09-01,Q1 (lowest),23.614590218310227,42,NA,NA,NA
2006-10-01,Q1 (lowest),23.699676537125317,42,NA,NA,NA
2006-11-01,Q1 (lowest),23.729397150105466,42,NA,NA,NA
2006-12-01,Q1 (lowest),23.73781668242252,42,NA,NA,NA
2007-01-01,Q1 (lowest),23.787877379522566,42,NA,NA,NA
2007-02-01,Q1 (lowest),23.925966051524355,42,NA,NA,NA
2007-03-01,Q1 (lowest),23.983826264359063,42,NA,NA,0.032446762803637785
2007-04-01,Q1 (lowest),24.03690151105776,42,NA,NA,0.031103726128358655
2007-05-01,Q1 (lowest),24.12971515662392,42,NA,NA,0.03476470942887633
2007-06-01,Q1 (lowest),24.260963485364627,42,NA,NA,0.03684431987898207
2007-07-01,Q1 (lowest),24.278752311935957,42,NA,NA,0.03239997587140375
2007-08-01,Q1 (lowest),24.341327657845362,42,NA,NA,0.03302554530082835
2007-09-01,Q1 (lowest),24.406535947712417,42,NA,NA,0.03353628930592811
2007-10-01,Q1 (lowest),24.38284254855489,42,NA,NA,0.028825963525679343
2007-11-01,Q1 (lowest),24.478095421682912,42,NA,NA,0.03155150831862241
2007-12-01,Q1 (lowest),24.53818568650022,42,NA,NA,0.03371704376967255
2008-01-01,Q1 (lowest),24.587534072849916,42,NA,NA,0.03361614323839257
2008-02-01,Q1 (lowest),24.696096020915444,42,NA,NA,0.03218804071411885
2008-03-01,Q1 (lowest),24.775725515509862,42,NA,NA,0.03301805318393236
2008-04-01,Q1 (lowest),24.74931238833935,42,NA,NA,0.029638215930362755
2008-05-01,Q1 (lowest),24.853320885918052,42,NA,NA,0.029988158774244544
2008-06-01,Q1 (lowest),24.941971587081433,42,NA,NA,0.02807011774811108
2008-07-01,Q1 (lowest),24.996418495670653,42,NA,NA,0.02955943429522434
2008-08-01,Q1 (lowest),25.094085523314615,42,NA,NA,0.030925094803801123
2008-09-01,Q1 (lowest),25.183392995459798,42,NA,NA,0.03182987743167187
2008-10-01,Q1 (lowest),25.176561828202676,42,NA,NA,0.03255236866116862
2008-11-01,Q1 (lowest),25.315416716475003,42,NA,NA,0.03420696260749034
2008-12-01,Q1 (lowest),25.418992216763346,42,NA,NA,0.03589534049160381
2009-01-01,Q1 (lowest),25.43848440858491,42,NA,NA,0.034609015007919464
2009-02-01,Q1 (lowest),25.479726356950902,42,NA,NA,0.03173093979598196
2009-03-01,Q1 (lowest),25.569671003439506,42,NA,NA,0.03204529721773941
2009-04-01,Q1 (lowest),25.578206767832516,42,NA,NA,0.033491612473391275
2009-05-01,Q1 (lowest),25.65316365084138,42,NA,NA,0.03218253080120648
2009-06-01,Q1 (lowest),25.703356802642226,42,NA,NA,0.030526264249099988
2009-07-01,Q1 (lowest),25.752317262006635,42,NA,NA,0.030240282881601743
2009-08-01,Q1 (lowest),25.817644445713537,42,NA,NA,0.028833843007615156
2009-09-01,Q1 (lowest),25.785013679110854,42,NA,NA,0.02388958007999631
2009-10-01,Q1 (lowest),25.96266029055789,42,NA,NA,0.031223423901933556
2009-11-01,Q1 (lowest),26.026410551582234,42,NA,NA,0.02808540910347812
2009-12-01,Q1 (lowest),26.06646165840755,42,NA,NA,0.02547187693842612
2010-01-01,Q1 (lowest),26.068589385303923,42,NA,NA,0.024769753048116572
2010-02-01,Q1 (lowest),26.10868912635614,42,NA,NA,0.024684832191443684
2010-03-01,Q1 (lowest),26.168503848725514,42,NA,NA,0.02341965390190026
2010-04-01,Q1 (lowest),26.279450416845027,42,NA,NA,0.027415668947301075
2010-05-01,Q1 (lowest),26.404269983686785,42,NA,NA,0.029279286682474037
2010-06-01,Q1 (lowest),26.38465731629706,42,NA,NA,0.026506285497495785
2010-07-01,Q1 (lowest),26.481025332413992,42,NA,NA,0.028296796089975373
2010-08-01,Q1 (lowest),26.556233463828406,42,NA,NA,0.02860791656140016
2010-09-01,Q1 (lowest),26.58569762080601,42,NA,NA,0.0310522985040651
2010-10-01,Q1 (lowest),26.731965063010474,42,NA,NA,0.02963119972464323
2010-11-01,Q1 (lowest),26.710405219164116,42,NA,NA,0.026280791437845785
2010-12-01,Q1 (lowest),26.83165364885731,42,NA,NA,0.02935542232303523
2011-01-01,Q1 (lowest),26.89533253174101,42,NA,NA,0.031714149707815054
2011-02-01,Q1 (lowest),26.931398534980705,42,NA,NA,0.031510942760969884
2011-03-01,Q1 (lowest),26.93239717634415,42,NA,NA,0.029191326032032228
2011-04-01,Q1 (lowest),26.983858847515993,42,NA,NA,0.026804534322355744
2011-05-01,Q1 (lowest),27.07328352572875,42,NA,NA,0.025337323942502543
2011-06-01,Q1 (lowest),27.05390445712616,42,NA,NA,0.025365011673497362
2011-07-01,Q1 (lowest),27.18009858401918,42,NA,NA,0.02639902506907421
2011-08-01,Q1 (lowest),27.169051565898737,42,NA,NA,0.023076243206892944
2011-09-01,Q1 (lowest),27.26105292287804,42,NA,NA,0.02540295581875185
2011-10-01,Q1 (lowest),27.359167669458333,42,NA,NA,0.023462645000824622
2011-11-01,Q1 (lowest),27.328032878171598,42,NA,NA,0.02312311078546836
2011-12-01,Q1 (lowest),27.399842159372675,42,NA,NA,0.021176052655985433
2012-01-01,Q1 (lowest),27.537151965993623,42,NA,NA,0.02386359913918734
2012-02-01,Q1 (lowest),27.58884068558584,42,NA,NA,0.024411734494634407
2012-03-01,Q1 (lowest),27.701650743673873,42,NA,NA,0.02856238760675156
2012-04-01,Q1 (lowest),27.712854125581526,42,NA,NA,0.02701597581669235
2012-05-01,Q1 (lowest),27.709828870296246,42,NA,NA,0.023511937292813423
2012-06-01,Q1 (lowest),27.77568734467521,42,NA,NA,0.026679435077214153
2012-07-01,Q1 (lowest),27.81957355565938,42,NA,NA,0.023527323481313145
2012-08-01,Q1 (lowest),27.778298027728344,42,NA,NA,0.02242428155255527
2012-09-01,Q1 (lowest),27.893070820356378,42,NA,NA,0.023183913668570533
2012-10-01,Q1 (lowest),27.890716691616774,42,NA,NA,0.019428552380700514
2012-11-01,Q1 (lowest),27.998414173466298,42,NA,NA,0.02453090196002261
2012-12-01,Q1 (lowest),28.09501380397952,42,NA,NA,0.025371374059870222
2013-01-01,Q1 (lowest),28.126865479059393,42,NA,NA,0.02141519623358379
2013-02-01,Q1 (lowest),28.181543994739805,42,NA,NA,0.021483443828200777
2013-03-01,Q1 (lowest),28.268214903718597,42,NA,NA,0.020452360954485993
2013-04-01,Q1 (lowest),28.346307252134956,42,NA,NA,0.022857736835149467
2013-05-01,Q1 (lowest),28.314300651062755,42,NA,NA,0.021814345501587562
2013-06-01,Q1 (lowest),28.375526135017772,42,NA,NA,0.021595821658669356
2013-07-01,Q1 (lowest),28.41660934786041,42,NA,NA,0.02146099727253259
2013-08-01,Q1 (lowest),28.479640360744387,42,NA,NA,0.02524785112161876
2013-09-01,Q1 (lowest),28.480196308083027,42,NA,NA,0.021049152010117256
2013-10-01,Q1 (lowest),28.526860006611255,42,NA,NA,0.02280842482565859
2013-11-01,Q1 (lowest),28.576980948112507,42,NA,NA,0.020664269449750083
2013-12-01,Q1 (lowest),28.594332879309462,42,NA,NA,0.017772515750080098
2014-01-01,Q1 (lowest),28.587910818770858,42,40.9393900634068,NA,0.016391635962945017
2014-02-01,Q1 (lowest),28.671631583287184,42,40.908008517595306,NA,0.01739037394966214
2014-03-01,Q1 (lowest),28.685355970234163,42,40.66570123917779,NA,0.014756540798078088
2014-04-01,Q1 (lowest),28.678235561422962,42,40.52201587857472,NA,0.011709754866324085
2014-05-01,Q1 (lowest),28.802148394717893,42,40.555458887190426,NA,0.017229729586728304
2014-06-01,Q1 (lowest),28.88423999406245,42,40.59545576421813,NA,0.01792790930550825
2014-07-01,Q1 (lowest),28.952579164861916,42,40.70738706671751,NA,0.01886114597418942
2014-08-01,Q1 (lowest),29.052206583560572,42,40.91581387316953,NA,0.020104404956089228
2014-09-01,Q1 (lowest),29.058631832953857,42,40.89408728864259,NA,0.02031009613183965
2014-10-01,Q1 (lowest),29.08570593237121,42,41.03528057694469,NA,0.019590166097160244
2014-11-01,Q1 (lowest),29.178079601604438,42,41.389082006620576,NA,0.021034365197056815
2014-12-01,Q1 (lowest),29.20090012382943,42,41.65765601196013,NA,0.021212848261932038
2015-01-01,Q1 (lowest),29.29153061027313,42,41.98452303024423,0.025528786951118043,0.024612494279934394
2015-02-01,Q1 (lowest),29.356621997052024,42,41.89586505130533,0.02414824308265029,0.023890876658868798
2015-03-01,Q1 (lowest),29.45141605372314,42,41.78247133723326,0.02746221174171115,0.02670561537684568
2015-04-01,Q1 (lowest),29.446707983257923,42,41.69103943901598,0.028849096845138922,0.026796363402101564
2015-05-01,Q1 (lowest),29.618580629569667,42,41.72171375409789,0.02875703786638284,0.028346226943317232
2015-06-01,Q1 (lowest),29.636994896335427,42,41.60192655978695,0.024792696044958706,0.02606109430013448
2015-07-01,Q1 (lowest),29.634129708378154,42,41.59511581499793,0.021807559075837535,0.02354023590214016
2015-08-01,Q1 (lowest),29.696302458016376,42,41.74150034989814,0.020180130823941544,0.022170291010537913
2015-09-01,Q1 (lowest),29.744007075282695,42,41.87374178939754,0.02395589596706893,0.023585943284211597
2015-10-01,Q1 (lowest),29.855561409662073,42,42.04969752944695,0.024720604763506904,0.026468516152948096
2015-11-01,Q1 (lowest),29.82354741492483,42,42.09345363978293,0.01701829562321966,0.022121668805266337
2015-12-01,Q1 (lowest),29.89253105318737,42,42.3354827278161,0.016271359955091214,0.023685260605837755
2016-01-01,Q1 (lowest),29.987428681938322,42,42.39979089582678,0.009890974950064413,0.023757654761172642
2016-02-01,Q1 (lowest),30.00989725379861,42,42.39666393409611,0.01195342027614199,0.02225307996308934
2016-03-01,Q1 (lowest),30.0694527802295,42,42.29866331413365,0.012354271070615042,0.020984957917778324
2016-04-01,Q1 (lowest),30.154761366505035,42,42.21850599367159,0.012651796687083605,0.024045247558731386
2016-05-01,Q1 (lowest),30.13114352189987,42,42.015453825166894,0.007040460341592558,0.017305450883709383
2016-06-01,Q1 (lowest),30.160283998451664,42,41.91841245799625,0.0076074817774236525,0.017656618153986336
2016-07-01,Q1 (lowest),30.272588321332147,42,42.142691772694114,0.01316442921163219,0.021544706027708527
2016-08-01,Q1 (lowest),30.230785438462586,42,42.04588147003391,0.007292050299684938,0.017998300670658995
2016-09-01,Q1 (lowest),30.362026240482958,42,42.127141632441074,0.006051521364343282,0.020777939019313907
2016-10-01,Q1 (lowest),30.452847080505737,42,42.20054157766677,0.0035872802203673615,0.020005842886289482
2016-11-01,Q1 (lowest),30.475248396868633,42,42.2973764899672,0.00484452646554856,0.02185189350136363
2016-12-01,Q1 (lowest),30.542996096206718,42,42.37753418066922,9.932909735193007e-4,0.02176011933756916
2017-01-01,Q1 (lowest),30.55736036836218,42,42.15181489049932,-0.0058485195348421115,0.019005687098711865
2017-02-01,Q1 (lowest),30.700546639435583,42,42.21651257693103,-0.004249187092765561,0.023014053656899902
2017-03-01,Q1 (lowest),30.624685346603,42,42.077994337205645,-0.005216925539447748,0.018465004016919195
2017-04-01,Q1 (lowest),30.775698001370703,42,42.16045589185176,-0.0013749918537745431,0.020591661373761783
2017-05-01,Q1 (lowest),30.836333354311126,42,42.20744626604153,0.004569567228133398,0.023404018234446156
2017-06-01,Q1 (lowest),30.904792698248475,42,42.26281340678603,0.00821598263376222,0.024685069273055582
2017-07-01,Q1 (lowest),31.01985116927882,42,42.449444595217926,0.007278909097177433,0.024684471641960526
2017-08-01,Q1 (lowest),31.074161651378166,42,42.39681112247388,0.008346350229096133,0.027897925928267675
2017-09-01,Q1 (lowest),31.24857767698039,42,42.410221863936286,0.006719663868132386,0.029199350184190065
2017-10-01,Q1 (lowest),31.264515593968362,42,42.458688306181,0.006117142549915799,0.02665328832200431
2017-11-01,Q1 (lowest),31.334571908493466,42,42.55279300563566,0.006038590022930723,0.02819742436334427
2017-12-01,Q1 (lowest),31.426691377607412,42,42.70299474968331,0.007680026110687521,0.02893282894111504
2018-01-01,Q1 (lowest),31.51640695024059,42,42.592866336348095,0.010463403461856258,0.031385125230625865
2018-02-01,Q1 (lowest),31.574430706934603,42,42.47865504459581,0.006209477089967663,0.028464772232312585
2018-03-01,Q1 (lowest),31.736144359373743,42,42.599892758693564,0.012403120198779316,0.036292912080287953
2018-04-01,Q1 (lowest),31.77929048206762,42,42.4889111208441,0.007790599556961153,0.03260990150904841
2018-05-01,Q1 (lowest),31.898953282124683,42,42.47226167562097,0.006274139589262484,0.034459996122236713
2018-06-01,Q1 (lowest),31.948539201600436,42,42.47059062797232,0.004916313052479637,0.033772965686681866
2018-07-01,Q1 (lowest),32.064759088575144,42,42.62221137389942,0.004069942029369944,0.03368513645001525
2018-08-01,Q1 (lowest),32.162319900454065,42,42.72815717978513,0.00781535329046501,0.035018104793428595
2018-09-01,Q1 (lowest),32.23903220876754,42,42.78035885617102,0.008727541992641141,0.03169598763903991
2018-10-01,Q1 (lowest),32.301515672040175,42,42.78767708571098,0.007748444256156839,0.033168595718523486
2018-11-01,Q1 (lowest),32.396778357623965,42,43.05808177432322,0.011874397260378311,0.033898865835233494
2018-12-01,Q1 (lowest),32.5105909000308,42,43.34779961108739,0.01509975741007863,0.034489775248682575
2019-01-01,Q1 (lowest),32.60681930411207,42,43.393371513839064,0.018794348592779064,0.03459824451413729
2019-02-01,Q1 (lowest),32.72403899560496,42,43.366057627099664,0.020890552715763233,0.036409470034177716
2019-03-01,Q1 (lowest),32.812859869629406,42,43.239832098600594,0.015022088049187365,0.03392710526090226
2019-04-01,Q1 (lowest),32.726739921728445,42,42.899194433063826,0.009656244450530371,0.029813423310865117
2019-05-01,Q1 (lowest),32.775078672051734,42,42.87129568109855,0.009395167333568821,0.027465646981526648
2019-06-01,Q1 (lowest),32.84422466361115,42,42.95318778110846,0.011363090223150518,0.028035255582697927
2019-07-01,Q1 (lowest),32.98368433699509,42,43.063614279114205,0.010356170902129369,0.02865841735724639
2019-08-01,Q1 (lowest),33.09600855248783,42,43.21245466877813,0.011334387461533701,0.029030513188216478
2019-09-01,Q1 (lowest),33.09515171454421,42,43.17750856382064,0.009283459004746808,0.02655537238936856
2019-10-01,Q1 (lowest),33.18124580351149,42,43.191087948754884,0.009428202008625153,0.027234948985158436
2019-11-01,Q1 (lowest),33.31654721873931,42,43.3904738084869,0.007719620114658543,0.028390750801271958
2019-12-01,Q1 (lowest),33.318753604739236,42,43.43286123310355,0.0019623054175603727,0.024858444043466266
2020-01-01,Q1 (lowest),33.34518541521012,42,43.29932515820415,-0.0021672977312887642,0.02264453040364267
2020-02-01,Q1 (lowest),33.48938819454526,42,43.367720708404946,3.834983847461615e-5,0.023387980898173844
2020-03-01,Q1 (lowest),33.59420637689001,42,43.59834667543776,0.008291303629941016,0.023812203823897482
2020-04-01,Q1 (lowest),35.00155462337989,42,45.730592060266986,0.06600118404603217,0.06950935861903895
2020-05-01,Q1 (lowest),34.712994408452246,42,45.35269494193834,0.05788020215898926,0.05912772188257254
2020-06-01,Q1 (lowest),34.47463991876392,42,44.796156976177144,0.04290645910754143,0.04964085076908953
2020-07-01,Q1 (lowest),34.402269481976,42,44.47714301014784,0.03282420100347205,0.04300869273690555
2020-08-01,Q1 (lowest),34.53185402032609,42,44.50434544636706,0.029896259943833936,0.043384248754985366
2020-09-01,Q1 (lowest),34.4750742537369,42,44.369372881192504,0.027603823310235143,0.0416956100124557
2020-10-01,Q1 (lowest),34.5710561973776,42,44.47444738235846,0.02971352412160244,0.04188541931475753
2020-11-01,Q1 (lowest),34.75544102527939,42,44.73897080897244,0.0310781810412446,0.043188563241354005
2020-12-01,Q1 (lowest),35.16945648111487,42,45.22933011373061,0.041361974081915553,0.05554538138882825
2021-01-01,Q1 (lowest),35.09703110590971,42,44.94500187267334,0.038006982983137094,0.05253669064621547
2021-02-01,Q1 (lowest),35.34247869370634,42,45.01290240374183,0.03793562743125767,0.05533366236481174
2021-03-01,Q1 (lowest),35.30107964504217,42,44.64395043547093,0.023982647044325622,0.050808560529840285
2021-04-01,Q1 (lowest),35.438523112190154,42,44.452419630941534,-0.027950052071072817,0.012484259442532952
2021-05-01,Q1 (lowest),35.60535840964963,42,44.30648028404851,-0.02306841212477484,0.025706915130897068
2021-06-01,Q1 (lowest),35.61425831500125,42,43.909605773950005,-0.019790787024400625,0.033056716442078304
2021-07-01,Q1 (lowest),35.68763017278931,42,43.78941753490242,-0.015462447196496254,0.037362671421626414
2021-08-01,Q1 (lowest),35.686852955229924,42,43.69818729211828,-0.018114144723694436,0.03344734789577131
2021-09-01,Q1 (lowest),35.894859794885114,42,43.833838117788716,-0.01206991960057191,0.04118295817722051
2021-10-01,Q1 (lowest),36.17273882278417,42,43.80920445446581,-0.014957868327702628,0.04633016174750426
2021-11-01,Q1 (lowest),36.29108139142666,42,43.73762878128321,-0.02238187445046025,0.04418417148067033
2021-12-01,Q1 (lowest),36.57152506297546,42,43.940608265347876,-0.02849305627879528,0.03986608614817433
2022-01-01,Q1 (lowest),36.72193583082607,42,43.75316226546203,-0.02651773406501845,0.04629749792832927
2022-02-01,Q1 (lowest),36.777167713751076,42,43.42235066317142,-0.035335462848052,0.04059389927000856
2022-03-01,Q1 (lowest),36.97721102772899,42,43.08331762364578,-0.034957318888724,0.04748102323046721
2022-04-01,Q1 (lowest),37.14958398485284,42,43.043861115517004,-0.03168688064944136,0.04828251073685719
2022-05-01,Q1 (lowest),37.324679748961366,42,42.775204663447596,-0.03456098545368347,0.048288275026765914
2022-06-01,Q1 (lowest),37.46040257161367,42,42.34903750937073,-0.035540475417001005,0.05183722317852668
2022-07-01,Q1 (lowest),37.72495158297883,42,42.653148689958826,-0.025948480452792744,0.057087607115557715
2022-08-01,Q1 (lowest),37.83670145363583,42,42.794663396952885,-0.020676461683076686,0.0602420308986884
2022-09-01,Q1 (lowest),37.93110034882382,42,42.809358220967766,-0.023371895795846198,0.05672791495981433
2022-10-01,Q1 (lowest),38.06372608485464,42,42.78548167155891,-0.02336775560421156,0.05227658517467293
2022-11-01,Q1 (lowest),38.19655378202839,42,42.97819558532896,-0.01736338290655659,0.0525052524627132
2022-12-01,Q1 (lowest),38.31541282022891,42,43.24469919345639,-0.015837492910636075,0.04768430505018606
2023-01-01,Q1 (lowest),38.52594796964839,42,43.137420365921784,-0.014073083353481453,0.04912628100907335
2023-02-01,Q1 (lowest),38.560998436491516,42,42.936987289775075,-0.011177731421343928,0.04850375473784685
2023-03-01,Q1 (lowest),38.71391338653216,42,42.965009827258974,-0.0027460233545681945,0.04696682931281182
2023-04-01,Q1 (lowest),38.85731236174613,42,42.907086542978945,-0.003177562816007562,0.04596897713819881
2023-05-01,Q1 (lowest),38.95848916886952,42,42.910740255840196,0.00316855508837377,0.04377289854586408
2023-06-01,Q1 (lowest),39.128993532740495,42,42.9598283026637,0.01442277863240271,0.044542793098310884
2023-07-01,Q1 (lowest),39.30815537599293,42,43.07436557782244,0.009875399608253899,0.041967019878918155
2023-08-01,Q1 (lowest),39.37065295075308,42,42.955258920883786,0.003752699780373403,0.04054136428876909
2023-09-01,Q1 (lowest),39.44758045430209,42,42.93249758952437,0.002876459112537866,0.03997986062972991
2023-10-01,Q1 (lowest),39.57652246732027,42,43.08935029984281,0.00710214344708171,0.039743780708519694
2023-11-01,Q1 (lowest),39.64276890294384,42,43.24862881771475,0.006292335653060865,0.03786245034482416
2023-12-01,Q1 (lowest),39.7435993502978,42,43.40174251779244,0.0036315046066921486,0.03727446541603929
2024-01-01,Q1 (lowest),39.918349316597116,42,43.35639298117063,0.005076163882572704,0.036141910071770145
2024-02-01,Q1 (lowest),40.033193866189826,42,43.21365042341365,0.0064434686991756696,0.03817835350199661
2024-03-01,Q1 (lowest),40.2307190745366,42,43.147952421104065,0.004257943721661217,0.039179859521308646
2024-04-01,Q1 (lowest),40.381208980245894,42,43.141392655040896,0.005460778881531736,0.03921775660428839
2024-05-01,Q1 (lowest),40.535206741422144,42,43.23407771617571,0.00753511727851186,0.0404717330212212
2024-06-01,Q1 (lowest),40.75001224047675,42,43.448521048189384,0.011375574922755982,0.041427559499579214
2024-07-01,Q1 (lowest),40.906488294987106,42,43.564746770060346,0.011384525010633917,0.04066161089742559
2024-08-01,Q1 (lowest),41.02345245833528,42,43.65378246385961,0.016261653649030317,0.04198049520920066
2024-09-01,Q1 (lowest),41.20098486826687,42,43.77247744590737,0.019565129064095244,0.04444897237730472
2024-10-01,Q1 (lowest),41.312191202601674,42,43.840152215797545,0.01742430347011914,0.043856019353762266
2024-11-01,Q1 (lowest),41.466303090481155,42,44.027544855985326,0.018010190370510104,0.045999162974761365
2024-12-01,Q1 (lowest),41.6490674791319,42,44.205904925966315,0.018528343829610217,0.04794402520112517
2025-01-01,Q1 (lowest),41.83570097010966,42,44.11521073993956,0.017501865505704872,0.04803183714601533
2025-02-01,Q1 (lowest),41.963842111576874,42,44.05465626558698,0.019461578319189377,0.048226185795722465
2025-03-01,Q1 (lowest),42.115997350914036,42,44.11526237608368,0.02241844399797044,0.04686165993912583
2025-04-01,Q1 (lowest),42.17366304496037,42,44.038509474277426,0.020794804340459994,0.044388320953721916
2025-05-01,Q1 (lowest),42.42482825067862,42,44.20844871887241,0.02253710624043559,0.046616797129235055
2025-06-01,Q1 (lowest),42.47378842367065,42,44.10908214620243,0.015203304556222097,0.04230124332285912
2025-07-01,Q1 (lowest),42.62570668665291,42,44.20011647153052,0.014584492016531891,0.04202801226221342
2025-08-01,Q1 (lowest),42.86969055028764,42,44.32578012116748,0.015393801393137174,0.045004454313723574
2025-09-01,Q1 (lowest),42.80892537313432,42,44.150658317403135,0.008639695387657964,0.039026749239334135
2025-10-01,Q1 (lowest),43.13708465100893,42,NA,NA,0.04417324269869094
2025-11-01,Q1 (lowest),43.206889226701925,42,44.65430841831349,0.014235714582276016,0.041975917950118236
2025-12-01,Q1 (lowest),43.11492714208862,42,44.56861601479026,0.008205037074377142,0.03519549780295028
2026-01-01,Q1 (lowest),43.36581643891628,42,44.6628497002576,0.01241383529926643,0.036574395392582115
2026-02-01,Q1 (lowest),43.45541099757333,42,44.545170604425294,0.011134222359634682,0.03554414493388269
2026-03-01,Q1 (lowest),43.568543609986264,42,44.19750506028896,0.0018642682775897867,0.034489181081703624
2026-04-01,Q1 (lowest),43.7193028946701,42,43.976614268382065,-0.001405479128023468,0.03664940956307161
2026-05-01,Q1 (lowest),43.76688458678529,42,43.748208863257176,-0.010410676442006883,0.03163374824234433
2026-06-01,Q1 (lowest),43.83602824212043,42,43.97096810483395,-0.0031311928212582885,0.032072482088520315
2026-07-01,Q1 (lowest),43.896898010849924,42,44.03650865084994,-0.003701524650641219,0.02982217593579639
2006-03-01,Q2,19.904697676385652,36,NA,NA,NA
2006-04-01,Q2,20.190141067722163,36,NA,NA,NA
2006-05-01,Q2,20.148559989870545,36,NA,NA,NA
2006-06-01,Q2,20.263016147496536,36,NA,NA,NA
2006-07-01,Q2,20.365491971558786,36,NA,NA,NA
2006-08-01,Q2,20.322440880870513,36,NA,NA,NA
2006-09-01,Q2,20.416080767957624,36,NA,NA,NA
2006-10-01,Q2,20.430521080170802,36,NA,NA,NA
2006-11-01,Q2,20.550206926765448,36,NA,NA,NA
2006-12-01,Q2,20.680786106580967,36,NA,NA,NA
2007-01-01,Q2,20.724702049420863,36,NA,NA,NA
2007-02-01,Q2,20.760239852288276,36,NA,NA,NA
2007-03-01,Q2,20.804303303428938,36,NA,NA,0.04519564384595265
2007-04-01,Q2,20.86195147458691,36,NA,NA,0.03327418092876844
2007-05-01,Q2,20.8628906063357,36,NA,NA,0.03545318458610813
2007-06-01,Q2,21.00266118150011,36,NA,NA,0.0365022180616954
2007-07-01,Q2,20.987462810509825,36,NA,NA,0.030540427887509214
2007-08-01,Q2,20.97953192430456,36,NA,NA,0.03233327370889616
2007-09-01,Q2,21.03210904285535,36,NA,NA,0.030173679360857575
2007-10-01,Q2,21.167701717777472,36,NA,NA,0.036082321870985146
2007-11-01,Q2,21.190698306502192,36,NA,NA,0.031167149898745805
2007-12-01,Q2,21.153211909266137,36,NA,NA,0.022843706242618778
2008-01-01,Q2,21.191513217594792,36,NA,NA,0.022524385009770276
2008-02-01,Q2,21.21025059480399,36,NA,NA,0.02167656759833214
2008-03-01,Q2,21.22087971596615,36,NA,NA,0.020023569473174962
2008-04-01,Q2,21.230581419705437,36,NA,NA,0.017669964651560788
2008-05-01,Q2,21.314224240244556,36,NA,NA,0.02163332217117575
2008-06-01,Q2,21.274364969811916,36,NA,NA,0.012936636265462154
2008-07-01,Q2,21.336791217001995,36,NA,NA,0.01664462301356595
2008-08-01,Q2,21.427605994837037,36,NA,NA,0.021357677194570268
2008-09-01,Q2,21.366883275863117,36,NA,NA,0.015917292570403863
2008-10-01,Q2,21.354250737139655,36,NA,NA,0.008812908545735576
2008-11-01,Q2,21.361400378762337,36,NA,NA,0.008055518973047127
2008-12-01,Q2,21.376839560764413,36,NA,NA,0.010571805948784485
2009-01-01,Q2,21.379674933454123,36,NA,NA,0.008879107118367813
2009-02-01,Q2,21.374329303288913,36,NA,NA,0.007735821307321977
2009-03-01,Q2,21.384748695826644,36,NA,NA,0.007722063460790629
2009-04-01,Q2,21.412023861404272,36,NA,NA,0.008546277565927962
2009-05-01,Q2,21.4546753222078,36,NA,NA,0.006589546979526073
2009-06-01,Q2,21.49958008253375,36,NA,NA,0.010586220225205834
2009-07-01,Q2,21.471349428742467,36,NA,NA,0.0063063939826739634
2009-08-01,Q2,21.493351229340956,36,NA,NA,0.0030682491791085287
2009-09-01,Q2,21.573151352248633,36,NA,NA,0.00965363425832555
2009-10-01,Q2,21.573555811350907,36,NA,NA,0.010269855726187327
2009-11-01,Q2,21.597951823433725,36,NA,NA,0.01107377983077229
2009-12-01,Q2,21.615160396420666,36,NA,NA,0.01114855331999931
2010-01-01,Q2,21.659848567521937,36,NA,NA,0.013104672308623888
2010-02-01,Q2,21.757845643057607,36,NA,NA,0.01794284790539269
2010-03-01,Q2,21.737680232632947,36,NA,NA,0.016503889843474173
2010-04-01,Q2,21.763725019111064,36,NA,NA,0.016425404715746827
2010-05-01,Q2,21.803045801821273,36,NA,NA,0.01623750881249042
2010-06-01,Q2,21.779222186495176,36,NA,NA,0.013006863524213985
2010-07-01,Q2,21.875641126181144,36,NA,NA,0.018829356709991973
2010-08-01,Q2,21.854329451299293,36,NA,NA,0.016794878476910524
2010-09-01,Q2,21.880422422409584,36,NA,NA,0.01424321672544715
2010-10-01,Q2,21.936255981779567,36,NA,NA,0.016812257265342634
2010-11-01,Q2,21.925862003009367,36,NA,NA,0.015182466479060297
2010-12-01,Q2,21.988270886576124,36,NA,NA,0.017261518458000502
2011-01-01,Q2,21.992115367437822,36,NA,NA,0.015340218048158771
2011-02-01,Q2,22.10897753309573,36,NA,NA,0.01613817359487335
2011-03-01,Q2,22.1543051843764,36,NA,NA,0.01916602633237785
2011-04-01,Q2,22.20681971927336,36,NA,NA,0.020359322669864843
2011-05-01,Q2,22.256757084713204,36,NA,NA,0.020809536750779678
2011-06-01,Q2,22.303385903328447,36,NA,NA,0.024067145848683857
2011-07-01,Q2,22.35826721745712,36,NA,NA,0.022062260415232293
2011-08-01,Q2,22.305307446640327,36,NA,NA,0.020635636355075704
2011-09-01,Q2,22.360778922675276,36,NA,NA,0.021953712364059186
2011-10-01,Q2,22.52502725010239,36,NA,NA,0.026840098365548792
2011-11-01,Q2,22.587608948816246,36,NA,NA,0.030181114234690165
2011-12-01,Q2,22.535793306233234,36,NA,NA,0.024900658286476363
2012-01-01,Q2,22.585418924421333,36,NA,NA,0.026978012213503266
2012-02-01,Q2,22.619665845145313,36,NA,NA,0.023098685196324187
2012-03-01,Q2,22.701724942888884,36,NA,NA,0.024709407672985018
2012-04-01,Q2,22.7644607687173,36,NA,NA,0.025111252151066132
2012-05-01,Q2,22.791537022603265,36,NA,NA,0.02402775641817856
2012-06-01,Q2,22.90791195375953,36,NA,NA,0.02710467608153011
2012-07-01,Q2,22.928838576797677,36,NA,NA,0.025519480279538875
2012-08-01,Q2,23.009991299646394,36,NA,NA,0.03159265366289343
2012-09-01,Q2,23.10321906629515,36,NA,NA,0.033202785385396005
2012-10-01,Q2,23.129616779834436,36,NA,NA,0.02684079015839136
2012-11-01,Q2,23.197254877686433,36,NA,NA,0.0269902817182488
2012-12-01,Q2,23.31995515806011,36,NA,NA,0.03479628345765762
2013-01-01,Q2,23.391697114880003,36,NA,NA,0.0356990584569965
2013-02-01,Q2,23.37872926543931,36,NA,NA,0.033557676116462654
2013-03-01,Q2,23.362117376082544,36,NA,NA,0.029089967165711883
2013-04-01,Q2,23.377905657140047,36,NA,NA,0.026947481631795833
2013-05-01,Q2,23.436213469257876,36,NA,NA,0.028285781955611933
2013-06-01,Q2,23.554378215861455,36,NA,NA,0.02822021768753258
2013-07-01,Q2,23.536359831359558,36,NA,NA,0.02649594538018385
2013-08-01,Q2,23.59176445174639,36,NA,NA,0.02528350161127335
2013-09-01,Q2,23.600206735619054,36,NA,NA,0.021511619999697418
2013-10-01,Q2,23.59731491813219,36,NA,NA,0.02022074739714319
2013-11-01,Q2,23.66177907462452,36,NA,NA,0.0200249641342225
2013-12-01,Q2,23.658268385673335,36,NA,NA,0.014507456181633849
2014-01-01,Q2,23.633921515184557,36,33.8450171393001,NA,0.010355144353783041
2014-02-01,Q2,23.702538202240397,36,33.81822313980468,NA,0.013850579008148678
2014-03-01,Q2,23.854421778159022,36,33.81714315382896,NA,0.021072764687865453
2014-04-01,Q2,23.89852273344068,36,33.76833681433472,NA,0.022269620039365057
2014-05-01,Q2,23.93433074804597,36,33.70122788558401,NA,0.021254170578429488
2014-06-01,Q2,23.98575534896027,36,33.71086344803378,NA,0.01831409554289687
2014-07-01,Q2,24.03165812386956,36,33.78856175586075,NA,0.021043963300139135
2014-08-01,Q2,24.05645575619414,36,33.88002433954689,NA,0.019697183116515582
2014-09-01,Q2,24.089167509591384,36,33.90058157283262,NA,0.020718495369549395
2014-10-01,Q2,24.13516365135509,36,34.0508569572508,NA,0.02279279380255317
2014-11-01,Q2,24.236922769608718,36,34.380055089174,NA,0.02430686607166388
2014-12-01,Q2,24.233881336748667,36,34.57176622227172,NA,0.024330307767744586
2015-01-01,Q2,24.308580974936334,36,34.84229593030665,0.029466044791820467,0.02854623424717362
2015-02-01,Q2,24.34714270439803,36,34.74666142551297,0.027453786731198804,0.027195589630848227
2015-03-01,Q2,24.374336844852536,36,34.57966261202489,0.022548310918144354,0.021795333021634722
2015-04-01,Q2,24.464231580569074,36,34.636783312097826,0.025717775279783694,0.023671289369564752
2015-05-01,Q2,24.50250452496717,36,34.51503948938627,0.0241478324340334,0.02373886209321241
2015-06-01,Q2,24.498907884317642,36,34.38951115534294,0.020131424647586105,0.02139405359104596
2015-07-01,Q2,24.439577858507707,36,34.30392866259485,0.015252703280414392,0.016974265052188908
2015-08-01,Q2,24.55094171433959,36,34.509115860745716,0.01856821337830361,0.02055522904774243
2015-09-01,Q2,24.625670244442084,36,34.668125064545215,0.022641012516661174,0.022271534897878364
2015-10-01,Q2,24.665672792216956,36,34.74006286605518,0.020240486448539263,0.021980755901445104
2015-11-01,Q2,24.633915280216588,36,34.76872004486028,0.011304954418431601,0.01637965819265097
2015-12-01,Q2,24.69095863161601,36,34.96872348554583,0.011482122744957746,0.01886108496265604
2016-01-01,Q2,24.78705248486127,36,35.04688092563958,0.005871742658467571,0.019683234920963466
2016-02-01,Q2,24.848152927806556,36,35.10437840402444,0.010295002853103252,0.02057778317116532
2016-03-01,Q2,24.895375685017633,36,35.020295243676635,0.01274253703963324,0.021376533994816427
2016-04-01,Q2,24.980799500166423,36,34.97464365929152,0.009754380022803488,0.02111523175768326
2016-05-01,Q2,25.05217047107694,36,34.93323480679416,0.012116321568645283,0.02243305150906849
2016-06-01,Q2,25.0962895495443,36,34.880195974185966,0.014268444137706116,0.024384012056678506
2016-07-01,Q2,25.17652824730771,36,35.048429244656226,0.02170307049621356,0.03015397373336648
2016-08-01,Q2,25.203659351449968,36,35.054004000634045,0.01578968705217232,0.026586256637526118
2016-09-01,Q2,25.239564740116037,36,35.01975494409959,0.010142742905758784,0.024929047192634668
2016-10-01,Q2,25.31401733869095,36,35.07932241524475,0.009765657318975496,0.026285297463224833
2016-11-01,Q2,25.36794953614796,36,35.20882580957702,0.012658095096652833,0.029797709685267737
2016-12-01,Q2,25.406692401251014,36,35.25105959678528,0.008073961045679923,0.028987686558209713
2017-01-01,Q2,25.4343713765498,36,35.08499756512197,0.0010875900643845249,0.026115202365585066
2017-02-01,Q2,25.49169496027346,36,35.05378824477699,-0.0014411353098235935,0.025898988723091154
2017-03-01,Q2,25.54878401802739,36,35.103759502048064,0.002383311099768637,0.026246172834539117
2017-04-01,Q2,25.617058552035676,36,35.09349705452599,0.0033982732288078132,0.0254699234852358
2017-05-01,Q2,25.66605493529561,36,35.13059163343449,0.005649543414225855,0.024504242653442088
2017-06-01,Q2,25.78215374694854,36,35.25752020637595,0.010817721106533673,0.027329306830407463
2017-07-01,Q2,25.85445096887846,36,35.380797862438634,0.00948312449217914,0.026926775404120473
2017-08-01,Q2,25.849640196726977,36,35.268604356891316,0.00612199269028979,0.025630438670400713
2017-09-01,Q2,25.987236374731584,36,35.269588000954485,0.007134060682426169,0.029623000329605187
2017-10-01,Q2,26.012610291152505,36,35.32635294036911,0.007042055208483999,0.02759707963831559
2017-11-01,Q2,26.02761130994167,36,35.34586525507565,0.0038921901639035195,0.026003748267226845
2017-12-01,Q2,26.244361075176077,36,35.66117730104365,0.011634195083763288,0.03297039459901585
2018-01-01,Q2,26.369404500580394,36,35.63694690944911,0.015731776617702753,0.0367625804541285
2018-02-01,Q2,26.34457341565863,36,35.44266741680355,0.01109378448089715,0.0334571105104744
2018-03-01,Q2,26.449220227113866,36,35.50317683418662,0.01137819247295302,0.03524379901803232
2018-04-01,Q2,26.50752259683129,36,35.44055750036539,0.009889594225966025,0.03476058904213475
2018-05-01,Q2,26.57886028654476,36,35.38875709011067,0.0073487363768300895,0.035564692491711014
2018-06-01,Q2,26.627426979213748,36,35.39700339894607,0.003956126005279614,0.03278520640911342
2018-07-01,Q2,26.68074809003156,36,35.465492866038005,0.0023938127096134743,0.0319595694431003
2018-08-01,Q2,26.781450753809054,36,35.57958632502978,0.008817529749449715,0.036047331800001636
2018-09-01,Q2,26.873205761857687,36,35.66004645124996,0.011070683623662037,0.034092481953470255
2018-10-01,Q2,26.931655494907048,36,35.67457918691882,0.009857407220539072,0.035330756639487815
2018-11-01,Q2,27.008160422121346,36,35.89614890691963,0.01556854381333772,0.037673419220193294
2018-12-01,Q2,27.05235700917515,36,36.070096487855864,0.011466788753500934,0.030787411119843844
2019-01-01,Q2,27.146268571526424,36,36.12643436184973,0.013735392474680141,0.0294608120911084
2019-02-01,Q2,27.212076491504433,36,36.06157777290626,0.017462296187371162,0.032929099369291004
2019-03-01,Q2,27.306660470526527,36,35.983922724514265,0.013540926001436748,0.03241835623318967
2019-04-01,Q2,27.371856699062327,36,35.879852540626025,0.012395263258940359,0.03260712498022578
2019-05-01,Q2,27.463244771733176,36,35.92317500599465,0.015101347428596812,0.03327398073709453
2019-06-01,Q2,27.533591961709426,36,36.00802143854576,0.017261857810762837,0.03403126344888907
2019-07-01,Q2,27.660095495546766,36,36.11311796383168,0.018260710495125787,0.03670614490307744
2019-08-01,Q2,27.7357901417269,36,36.21378004847121,0.01782465140678946,0.03563434246675801
2019-09-01,Q2,27.746540424465426,36,36.19945595436744,0.015126438599985859,0.0324983431581245
2019-10-01,Q2,27.79354766074557,36,36.17807385930441,0.014113542019585035,0.03200294040600338
2019-11-01,Q2,27.877026074500204,36,36.306204295496556,0.011423381088601525,0.03217048620857588
2019-12-01,Q2,27.953361687610165,36,36.43877239765756,0.010221095746883346,0.03330595844677897
2020-01-01,Q2,27.94133678750589,36,36.282330173076524,0.004315283641482814,0.02928830582680564
2020-02-01,Q2,28.088499047338214,36,36.373736502050264,0.008656269315496568,0.03220711789882702
2020-03-01,Q2,28.26115113507085,36,36.67714161217301,0.019264683646802228,0.0349545000412832
2020-04-01,Q2,28.986653707694177,36,37.87194169407968,0.05552110759647233,0.05899479258515794
2020-05-01,Q2,29.056884052383335,36,37.96295942911054,0.056781852460855875,0.05802807694050882
2020-06-01,Q2,28.824069384367778,36,37.45383678776524,0.04015259076889377,0.04686919979249349
2020-07-01,Q2,28.982797273273572,36,37.4705517562695,0.03758838530080211,0.04781985578971559
2020-08-01,Q2,29.129422768073912,36,37.54174023672618,0.03667002413107734,0.05024672523211704
2020-09-01,Q2,29.29415742917234,36,37.701540093838005,0.04149466062042695,0.05577693582808996
2020-10-01,Q2,29.447261184448955,36,37.88286538383764,0.04712223019841022,0.05949990781633896
2020-11-01,Q2,29.53122103419557,36,38.01408921386484,0.04704113116501496,0.059339003926552225
2020-12-01,Q2,29.684898533832282,36,38.175968852411906,0.047674395717733464,0.0619437785541761
2021-01-01,Q2,29.802028664782654,36,38.1642603930274,0.05186905612108039,0.06659280088949715
2021-02-01,Q2,29.87772186804136,36,38.05287654404897,0.0461635290590523,0.0636994813317624
2021-03-01,Q2,29.835038352134593,36,37.73125317486246,0.028740286629631795,0.05569083897331484
2021-04-01,Q2,30.20885623092204,36,37.892571016477056,5.447125622450866e-4,0.04216431932960396
2021-05-01,Q2,30.41708497039705,36,37.85031342849461,-0.0029672607802423423,0.04681165797273934
2021-06-01,Q2,30.558542417412895,36,37.67630196611275,0.00593971665995463,0.06017446773097812
2021-07-01,Q2,30.715518729998628,36,37.68853992144752,0.005817586209990733,0.059784479751472386
2021-08-01,Q2,30.874021985514453,36,37.80492488022176,0.00701045401294742,0.059891307539146954
2021-09-01,Q2,30.96358169216717,36,37.81189382538792,0.0029270351098455993,0.056988301064168745
2021-10-01,Q2,31.28375136800533,36,37.888097622300315,1.3811622773673982e-4,0.06236539867165036
2021-11-01,Q2,31.509839103194246,36,37.975325970282256,-0.0010197072818056707,0.06700088921848302
2021-12-01,Q2,31.675740588787416,36,38.05833380833713,-0.003081389879836416,0.0670658197698113
2022-01-01,Q2,31.7937598752046,36,37.881378074878846,-0.0074122311092981175,0.06683206813956244
2022-02-01,Q2,31.863309414246853,36,37.62061846206914,-0.011359406206241984,0.06645712665025427
2022-03-01,Q2,31.995039149658858,36,37.27843165435167,-0.01200123193396796,0.07239812371046361
2022-04-01,Q2,32.121088937802504,36,37.217528241545864,-0.017814646956461733,0.06330040079184074
2022-05-01,Q2,32.255385480918356,36,36.96564109121585,-0.02337291972363842,0.06043644590894903
2022-06-01,Q2,32.309959752466035,36,36.52645469753425,-0.030519111711460267,0.057313510282321234
2022-07-01,Q2,32.49280737799798,36,36.73750359624727,-0.02523409840716706,0.05786288890714841
2022-08-01,Q2,32.523782691763785,36,36.78556214513587,-0.02696375507465132,0.05343523778739834
2022-09-01,Q2,32.600510220533174,36,36.79320946091147,-0.026940844835242728,0.052866252510448186
2022-10-01,Q2,32.75677282133825,36,36.820207775834156,-0.028185364625898157,0.047085831747129214
2022-11-01,Q2,32.82965787978443,36,36.93944394587431,-0.027277765178857938,0.041885925607801244
2022-12-01,Q2,32.944250342302915,36,37.18253546924204,-0.02301199898833295,0.040046727556688255
2023-01-01,Q2,33.075171387526396,36,37.034197651481065,-0.022364033898745417,0.04030386834874311
2023-02-01,Q2,33.20455267878565,36,36.97268001708423,-0.01722296101107934,0.042093658480405693
2023-03-01,Q2,33.26047527072202,36,36.91274071411781,-0.009809719025322017,0.03955101024080654
2023-04-01,Q2,33.273314620815306,36,36.741115204163705,-0.01280077049421946,0.0358713144888676
2023-05-01,Q2,33.30378800193241,36,36.682382376070926,-0.0076627567325550094,0.032503177543305783
2023-06-01,Q2,33.41343419096366,36,36.68470017367239,0.004332352467506961,0.03415276425447744
2023-07-01,Q2,33.57476688344457,36,36.791647155514106,0.0014737952763987927,0.03329843102997687
2023-08-01,Q2,33.658293410626264,36,36.722802390323906,-0.0017060974782537874,0.03488249597577653
2023-09-01,Q2,33.840459568725514,36,36.83002688962787,0.0010006582534070052,0.03803466080145479
2023-10-01,Q2,33.833451612172304,36,36.836522197559994,4.4308336946818905e-4,0.032868890861333266
2023-11-01,Q2,33.837925561742075,36,36.91578371238773,-6.405140673273468e-4,0.030712098360869966
2023-12-01,Q2,33.893726344128595,36,37.013426257412306,-0.0045480817726812894,0.028820689254126952
2024-01-01,Q2,34.03051180657553,36,36.96145428094648,-0.00196422158835885,0.02888391439777771
2024-02-01,Q2,34.08774648125974,36,36.79586407936296,-0.00478234030207092,0.026598575533238966
2024-03-01,Q2,34.18926884158515,36,36.66842102811814,-0.006618844368449395,0.027924843626053297
2024-04-01,Q2,34.16642206703438,36,36.501805350425386,-0.006513407456701259,0.02684155325061477
2024-05-01,Q2,34.31363546075279,36,36.59826855449907,-0.002293030499205595,0.03032230023689153
2024-06-01,Q2,34.32173350414232,36,36.59455491117242,-0.0024572986033196687,0.027183656369697662
2024-07-01,Q2,34.28929121717029,36,36.51753917443792,-0.0074502775023244094,0.021281587336293484
2024-08-01,Q2,34.4234833867422,36,36.630638460752024,-0.002509719399741872,0.022734069335623497
2024-09-01,Q2,34.53344522149789,36,36.68879413733978,-0.003834717599075832,0.020478021327252183
2024-10-01,Q2,34.67630513948249,36,36.7982053564038,-0.0010401861758473352,0.02491183982561651
2024-11-01,Q2,34.74721224330867,36,36.89343711988392,-6.053397830562135e-4,0.02687182108452446
2024-12-01,Q2,34.847517628241235,36,36.98680773469447,-7.191585705336179e-4,0.02814064391824722
2025-01-01,Q2,35.04027149346769,36,36.94951740914911,-3.2295460310172164e-4,0.02967218632007329
2025-02-01,Q2,35.122121480112874,36,36.872052492488486,0.0020705700227938717,0.0303444816870424
2025-03-01,Q2,35.22613891001267,36,36.89833930711494,0.006270198512788205,0.030327354271067586
2025-04-01,Q2,35.40157122995435,36,36.966967473340006,0.012743537434627195,0.03615096601267198
2025-05-01,Q2,35.590419487617815,36,37.086708412929,0.013345982685016411,0.03720923212363725
2025-06-01,Q2,35.58978355051332,36,36.96003451673002,0.00998726740753475,0.03694597903156471
2025-07-01,Q2,35.71374816120737,36,37.03286000545196,0.014111597951670163,0.04154232687445547
2025-08-01,Q2,35.82508951492853,36,37.041905837811306,0.011227414927532209,0.04071656875742402
2025-09-01,Q2,35.90463669082924,36,37.02997290238295,0.009299263523516732,0.03970618803124082
2025-10-01,Q2,36.096883159232235,36,NA,NA,0.04096682198508739
2025-11-01,Q2,36.37604311328765,36,37.59463079361814,0.01900591889705794,0.046876591381590726
2025-12-01,Q2,36.494049146980146,36,37.724504506210124,0.019944861876351583,0.047249607168704744
2026-01-01,Q2,36.49173687884176,36,37.58317249294214,0.017149211362531336,0.04142277794978444
2026-02-01,Q2,36.59671883963423,36,37.514478562053554,0.017423116592056864,0.041984860178685635
2026-03-01,Q2,36.67167031593878,36,37.20106756073557,0.008204386953595266,0.04103576067813752
2026-04-01,Q2,36.687691909792676,36,36.90361850922576,-0.001713664074823984,0.036329480165843586
2026-05-01,Q2,36.741904357461465,36,36.726226256217686,-0.009719982498787694,0.0323537875198201
2026-06-01,Q2,36.824848224078295,36,36.93820566459178,-5.906069197083585e-4,0.034702786877363945
2026-07-01,Q2,36.9039111798622,36,37.021281173911675,-3.126637137552679e-4,0.03332506611410779
2006-03-01,Q3,19.762857554328974,37,NA,NA,NA
2006-04-01,Q3,19.873863866619036,37,NA,NA,NA
2006-05-01,Q3,19.859816532033673,37,NA,NA,NA
2006-06-01,Q3,19.96589075286416,37,NA,NA,NA
2006-07-01,Q3,20.0404551930308,37,NA,NA,NA
2006-08-01,Q3,20.046395249766572,37,NA,NA,NA
2006-09-01,Q3,20.131923639905057,37,NA,NA,NA
2006-10-01,Q3,20.17326408182046,37,NA,NA,NA
2006-11-01,Q3,20.240647790223854,37,NA,NA,NA
2006-12-01,Q3,20.30439579684763,37,NA,NA,NA
2007-01-01,Q3,20.292871876630528,37,NA,NA,NA
2007-02-01,Q3,20.34395973426,37,NA,NA,NA
2007-03-01,Q3,20.393738070081238,37,NA,NA,0.031922535190973544
2007-04-01,Q3,20.401108257070955,37,NA,NA,0.026529536178292012
2007-05-01,Q3,20.473886297895827,37,NA,NA,0.03092021343055551
2007-06-01,Q3,20.55892617719541,37,NA,NA,0.029702427588720548
2007-07-01,Q3,20.49610389312277,37,NA,NA,0.022736444641757503
2007-08-01,Q3,20.50766529352366,37,NA,NA,0.02301012416496473
2007-09-01,Q3,20.520299308978693,37,NA,NA,0.019291532991104976
2007-10-01,Q3,20.544512712957076,37,NA,NA,0.01840300258951033
2007-11-01,Q3,20.60334413765507,37,NA,NA,0.017919206499230622
2007-12-01,Q3,20.671751185740288,37,NA,NA,0.01809240681516333
2008-01-01,Q3,20.704982585758003,37,NA,NA,0.020308151139615926
2008-02-01,Q3,20.778506450158897,37,NA,NA,0.02135998702195141
2008-03-01,Q3,20.97122105840292,37,NA,NA,0.02831668163713852
2008-04-01,Q3,20.92194285125528,37,NA,NA,0.025529720622104346
2008-05-01,Q3,21.02794742719698,37,NA,NA,0.027061844597529916
2008-06-01,Q3,21.078803719469928,37,NA,NA,0.025287193396860586
2008-07-01,Q3,21.101168914689953,37,NA,NA,0.029520977485394617
2008-08-01,Q3,21.25672945698077,37,NA,NA,0.03652605758558303
2008-09-01,Q3,21.306389920424404,37,NA,NA,0.03830795056199565
2008-10-01,Q3,21.29725157461871,37,NA,NA,0.03663941180687602
2008-11-01,Q3,21.421987830438997,37,NA,NA,0.039733534872514076
2008-12-01,Q3,21.45393414110286,37,NA,NA,0.03783825319560408
2009-01-01,Q3,21.52967271527937,37,NA,NA,0.0398305154860954
2009-02-01,Q3,21.57422833694532,37,NA,NA,0.038295432286969744
2009-03-01,Q3,21.631755759324626,37,NA,NA,0.03149719794961747
2009-04-01,Q3,21.676056237347805,37,NA,NA,0.03604413755710456
2009-05-01,Q3,21.71526644897664,37,NA,NA,0.03268597775219373
2009-06-01,Q3,21.736911960183296,37,NA,NA,0.031221327807397836
2009-07-01,Q3,21.775064727476053,37,NA,NA,0.03193642094002458
2009-08-01,Q3,21.86869344626864,37,NA,NA,0.02878918840861
2009-09-01,Q3,21.890162868432753,37,NA,NA,0.027398961071708472
2009-10-01,Q3,21.929810944241364,37,NA,NA,0.029701455486233597
2009-11-01,Q3,21.991034240508263,37,NA,NA,0.02656366041160263
2009-12-01,Q3,21.95444508369802,37,NA,NA,0.023329564605880204
2010-01-01,Q3,22.041751874448682,37,NA,NA,0.023784809269575824
2010-02-01,Q3,22.119539887637007,37,NA,NA,0.025276062817869205
2010-03-01,Q3,22.113627299674192,37,NA,NA,0.022276117838555543
2010-04-01,Q3,22.214555604470856,37,NA,NA,0.02484305084036542
2010-05-01,Q3,22.158842373253883,37,NA,NA,0.020426916027924236
2010-06-01,Q3,22.16529918749733,37,NA,NA,0.019707823636528232
2010-07-01,Q3,22.1855272561254,37,NA,NA,0.018850117498453223
2010-08-01,Q3,22.2652823593067,37,NA,NA,0.018135007197045194
2010-09-01,Q3,22.278423931520162,37,NA,NA,0.017736782746706314
2010-10-01,Q3,22.366383927759767,37,NA,NA,0.019907740410003205
2010-11-01,Q3,22.334157170234505,37,NA,NA,0.015602855508004998
2010-12-01,Q3,22.347499531792778,37,NA,NA,0.01790318300445759
2011-01-01,Q3,22.463945455970954,37,NA,NA,0.019154266136699016
2011-02-01,Q3,22.467743271221536,37,NA,NA,0.015741890896163957
2011-03-01,Q3,22.440781573592172,37,NA,NA,0.014794238389049807
2011-04-01,Q3,22.524832741107637,37,NA,NA,0.013967289832902852
2011-05-01,Q3,22.59748347692142,37,NA,NA,0.019795307727671796
2011-06-01,Q3,22.573414370964773,37,NA,NA,0.01841234715647988
2011-07-01,Q3,22.676288189070128,37,NA,NA,0.02212076942229224
2011-08-01,Q3,22.67404025227451,37,NA,NA,0.01835853174334212
2011-09-01,Q3,22.663793191312855,37,NA,NA,0.017297869049320846
2011-10-01,Q3,22.80607735557105,37,NA,NA,0.019658672999239846
2011-11-01,Q3,22.76281264180186,37,NA,NA,0.019192820588664894
2011-12-01,Q3,22.832408377578364,37,NA,NA,0.021698572813290795
2012-01-01,Q3,22.865332026564467,37,NA,NA,0.017868035309301478
2012-02-01,Q3,22.866036779248656,37,NA,NA,0.017727348190651915
2012-03-01,Q3,22.920278286874606,37,NA,NA,0.021367202016113973
2012-04-01,Q3,22.95887706313288,37,NA,NA,0.019269591344539316
2012-05-01,Q3,22.934111588678935,37,NA,NA,0.01489670794986142
2012-06-01,Q3,23.008879257467566,37,NA,NA,0.01929105093923722
2012-07-01,Q3,23.046943593471457,37,NA,NA,0.016345505988937914
2012-08-01,Q3,22.995905633762266,37,NA,NA,0.014195325487060817
2012-09-01,Q3,23.07670328343102,37,NA,NA,0.018218931342721234
2012-10-01,Q3,23.071114618607588,37,NA,NA,0.011621343684156127
2012-11-01,Q3,23.142206418526385,37,NA,NA,0.01666726263993401
2012-12-01,Q3,23.19943213399149,37,NA,NA,0.016074684297147757
2013-01-01,Q3,23.202896548974483,37,NA,NA,0.014763158567644652
2013-02-01,Q3,23.225725601308227,37,NA,NA,0.01573026517590459
2013-03-01,Q3,23.29513503403481,37,NA,NA,0.016354807846066466
2013-04-01,Q3,23.279969093076726,37,NA,NA,0.013985528519574242
2013-05-01,Q3,23.32577883438524,37,NA,NA,0.017077934071779932
2013-06-01,Q3,23.39644622334232,37,NA,NA,0.01684423485115949
2013-07-01,Q3,23.369876995241803,37,NA,NA,0.014011983865045874
2013-08-01,Q3,23.409389905557262,37,NA,NA,0.017980777899345934
2013-09-01,Q3,23.483856901924437,37,NA,NA,0.01764349151144784
2013-10-01,Q3,23.503040520209943,37,NA,NA,0.0187215012686901
2013-11-01,Q3,23.481367006848096,37,NA,NA,0.014655499228897861
2013-12-01,Q3,23.507606745066678,37,NA,NA,0.01328371355364566
2014-01-01,Q3,23.58357884001419,37,33.77292378387093,NA,0.016406671047996202
2014-02-01,Q3,23.639675143505908,37,33.72853160848454,NA,0.017822889553744004
2014-03-01,Q3,23.72082366557359,37,33.62774822569369,NA,0.018273713842690276
2014-04-01,Q3,23.842443187751076,37,33.689097063478,NA,0.024161290439239647
2014-05-01,Q3,23.779717789257784,37,33.483521921166755,NA,0.01946082735738619
2014-06-01,Q3,23.8536142530846,37,33.525145284309914,NA,0.019540062853057094
2014-07-01,Q3,23.927572458830515,37,33.64221709237795,NA,0.023863859604492665
2014-08-01,Q3,24.045416385337493,37,33.86447698888533,NA,0.027169716184241244
2014-09-01,Q3,24.02003301082626,37,33.803288890802364,NA,0.022831688642162007
2014-10-01,Q3,24.01845627912017,37,33.88620151528926,NA,0.021929748130546267
2014-11-01,Q3,24.030117472239475,37,34.08670194431013,NA,0.023369613244039078
2014-12-01,Q3,24.07665453115828,37,34.34746833572135,NA,0.02420696382506149
2015-01-01,Q3,24.17747587282803,37,34.65437863598409,0.02609945344838982,0.02518265089631666
2015-02-01,Q3,24.158375383063113,37,34.4772649594775,0.022198812556803338,0.021941936021049768
2015-03-01,Q3,24.208687702300047,37,34.34465759433366,0.021318982282976684,0.020566909631999808
2015-04-01,Q3,24.270788674889374,37,34.36290428241221,0.020000750321820693,0.017965670873795192
2015-05-01,Q3,24.371422005385373,37,34.3303923103551,0.025292153889373115,0.02488272658958479
2015-06-01,Q3,24.38580717201974,37,34.230749865835165,0.021047025316113466,0.022310787509541408
2015-07-01,Q3,24.470907014751372,37,34.347902954911355,0.020976199654014094,0.022707466745977456
2015-08-01,Q3,24.534595244427887,37,34.48613905477792,0.01835735027287244,0.02034395459205629
2015-09-01,Q3,24.500209566834968,37,34.4915009800516,0.020359323362659332,0.01999067011241329
2015-10-01,Q3,24.623224405377453,37,34.680276958742255,0.023433592670300207,0.025179308746125617
2015-11-01,Q3,24.72445680548569,37,34.89651186799137,0.023757356314620504,0.028894545940041372
2015-12-01,Q3,24.844038314014075,37,35.185523536321476,0.024399329592759145,0.03187252539021568
2016-01-01,Q3,24.908322213594083,37,35.21834648191657,0.016274071794981637,0.030228397067181723
2016-02-01,Q3,24.906172920873775,37,35.18634650030702,0.02056664128268082,0.030953966314097636
2016-03-01,Q3,25.02070860585379,37,35.19660091373231,0.024805701354239318,0.033542541154619965
2016-04-01,Q3,25.06209714138498,37,35.08846531787939,0.02111465985250094,0.03260332727936022
2016-05-01,Q3,25.108433871841676,37,35.011689589473065,0.01984531003779022,0.03024082330089084
2016-06-01,Q3,25.227429265706924,37,35.06246112500521,0.02429719659749985,0.034512783921824
2016-07-01,Q3,25.17095704596835,37,35.04067353449506,0.020169224901243954,0.028607441105267473
2016-08-01,Q3,25.233903206582543,37,35.096068059825946,0.017686207321707226,0.02850293453744568
2016-09-01,Q3,25.252332563269526,37,35.037470227330815,0.01582909504561658,0.03069863522525451
2016-10-01,Q3,25.390757632652225,37,35.1856665596012,0.014572824820868302,0.031171109625559357
2016-11-01,Q3,25.391830966086847,37,35.24197145682785,0.009899544978687391,0.026992470081408815
2016-12-01,Q3,25.458460753270565,37,35.32288670570005,0.0039039683248360824,0.024731182245436578
2017-01-01,Q3,25.484836049796332,37,35.15461017365734,-0.001809747322803923,0.02314543032077876
2017-02-01,Q3,25.51428092221414,37,35.08484634147892,-0.002884646146118386,0.02441595516389894
2017-03-01,Q3,25.677644043703374,37,35.28081181684963,0.0023925862421692035,0.026255668782133812
2017-04-01,Q3,25.72943997056567,37,35.24745138039656,0.0045310064454759935,0.026627573319820463
2017-05-01,Q3,25.678469413620952,37,35.147584037194605,0.0038814021635333873,0.022702950916367426
2017-06-01,Q3,25.710665423688546,37,35.15975874600309,0.0027749797896672312,0.019155188302857118
2017-07-01,Q3,25.74254931612903,37,35.22766485794491,0.005336407796664222,0.022708404337459687
2017-08-01,Q3,25.748804420595118,37,35.13102653892755,9.960796474981493e-4,0.02040513549557632
2017-09-01,Q3,25.82988727750445,37,35.0560355573049,5.298707313521334e-4,0.022871341203346995
2017-10-01,Q3,25.80316704393456,37,35.04191912194857,-0.004085397598170837,0.01624250119862447
2017-11-01,Q3,25.856877641892723,37,35.114006512700115,-0.0036310381865126695,0.018314814572725657
2017-12-01,Q3,25.899778369793527,37,35.19295386377567,-0.0036784321453380286,0.01733481143263016
2018-01-01,Q3,25.966590408656426,37,35.09256357276979,-0.001764963416776566,0.018903569083935423
2018-02-01,Q3,25.986558658818975,37,34.96101232386382,-0.0035295584996962726,0.0185103290994042
2018-03-01,Q3,26.01527744844115,37,34.92068906801261,-0.010207326030548747,0.013148924572796705
2018-04-01,Q3,26.060232140951435,37,34.84253016442455,-0.0114879572880896,0.012856563172932933
2018-05-01,Q3,26.119835109918267,37,34.777582257979,-0.010527089965104097,0.017188162159820664
2018-06-01,Q3,26.198853823627747,37,34.827282356923604,-0.009456162412299962,0.018987777713812326
2018-07-01,Q3,26.255083013078544,37,34.89967583200817,-0.009310552580176656,0.01990998213329198
2018-08-01,Q3,26.394760447440852,37,35.06586205882202,-0.0018548982630303135,0.02508683573397552
2018-09-01,Q3,26.431826323614636,37,35.07434739435838,5.22359039245579e-4,0.023303974951312423
2018-10-01,Q3,26.492267460872455,37,35.0925509778874,0.001444893921552337,0.02670604022229428
2018-11-01,Q3,26.570916633582755,37,35.315014616516365,0.005724442288963738,0.027615050880434255
2018-12-01,Q3,26.663809368590496,37,35.55202884290857,0.010203036111228414,0.02949951879464896
2019-01-01,Q3,26.696040896008007,37,35.52726838348892,0.012387376881648926,0.028091885606529532
2019-02-01,Q3,26.768267694092472,37,35.47344016903145,0.014657122637660391,0.030081283387179525
2019-03-01,Q3,26.730223368555613,37,35.224310682051126,0.008694605465750627,0.02748177187544476
2019-04-01,Q3,26.686888074089204,37,34.98197507731777,0.0040021465787694055,0.024046444780245535
2019-05-01,Q3,26.713743411589626,37,34.94279309003912,0.004750497916577112,0.022737827370351127
2019-06-01,Q3,26.83843258270505,37,35.09890235748992,0.007799058157413663,0.02441247099521937
2019-07-01,Q3,26.92255019012353,37,35.15017621900986,0.007177728188865862,0.025422398272840985
2019-08-01,Q3,27.02421785921614,37,35.28470169895393,0.006240817344367988,0.0238478168054872
2019-09-01,Q3,27.126266145260264,37,35.39021663637606,0.00900570546519952,0.026272865640964094
2019-10-01,Q3,27.16830753067575,37,35.36421648918485,0.007741401058835251,0.02551839214222662
2019-11-01,Q3,27.25949144585339,37,35.5019456802742,0.005293246110406713,0.025914605121313272
2019-12-01,Q3,27.31596807964287,37,35.607894134499084,0.0015713671879982183,0.02445857236815563
2020-01-01,Q3,27.403300078488673,37,35.5836797945976,0.0015878341813326813,0.026493036373285817
2020-02-01,Q3,27.468766664529408,37,35.57120225641167,0.002755923499789814,0.02616900646848852
2020-03-01,Q3,27.647523653205333,37,35.88077978168926,0.018636818916449194,0.03431697041966353
2020-04-01,Q3,28.604743918266838,37,37.37296497798666,0.06834919684735596,0.07186509865268698
2020-05-01,Q3,28.395582156361673,37,37.09896530627875,0.061705777517089055,0.06295780860283284
2020-06-01,Q3,28.166125600676907,37,36.59890826392375,0.04273654746111277,0.04946984194700832
2020-07-01,Q3,28.10444070055911,37,36.334964148626575,0.03370645774959047,0.0438996492564494
2020-08-01,Q3,28.225316768618214,37,36.376536489014725,0.03094357433927697,0.04444527925504649
2020-09-01,Q3,28.382393508704144,37,36.52810118927969,0.03215251730711488,0.04630668138096716
2020-10-01,Q3,28.232122438575235,37,36.31963214308622,0.02701645190396218,0.039156465918914085
2020-11-01,Q3,28.31886638438136,37,36.45348466712037,0.02680244613677263,0.03886260830038779
2020-12-01,Q3,28.40651596610012,37,36.53191765137487,0.02594996248263204,0.03992345734471603
2021-01-01,Q3,28.460548285897094,37,36.446370410845574,0.024243996720624494,0.038581054266465964
2021-02-01,Q3,28.554549684964798,37,36.36765743827137,0.022390448771411497,0.03952791305470105
2021-03-01,Q3,28.673694908999583,37,36.26254571222373,0.010639844865614867,0.03711620862200715
2021-04-01,Q3,28.777192223512362,37,36.096758899069755,-0.03414784135186,0.006028661040919037
2021-05-01,Q3,29.01028758444432,37,36.09972746535841,-0.026934385707819808,0.02164792483202982
2021-06-01,Q3,29.12716589237618,37,35.91152623015493,-0.018781490114730737,0.03412042910424917
2021-07-01,Q3,29.24281768124342,37,35.88150704154505,-0.012479910678504624,0.04050523519799709
2021-08-01,Q3,29.365648360996058,37,35.957936768566604,-0.011507410018942621,0.04040102018077962
2021-09-01,Q3,29.637938325857828,37,36.193053772723765,-0.00917231954707387,0.044236748982027896
2021-10-01,Q3,29.62895697889076,37,35.883957817515615,-0.01199555997302515,0.04947678104452202
2021-11-01,Q3,29.732885403546653,37,35.833760100738495,-0.017000420454751253,0.049932048831769826
2021-12-01,Q3,29.909020271111793,37,35.93562316775714,-0.01632256180220759,0.052892945646862755
2022-01-01,Q3,30.0299261665388,37,35.779819409233454,-0.018288542702561417,0.055142222309869204
2022-02-01,Q3,30.109410554903043,37,35.549811599209846,-0.0224882738309361,0.054452298743725036
2022-03-01,Q3,30.25457078487727,37,35.250556936662406,-0.027907273350094353,0.05513331577583025
2022-04-01,Q3,30.31914128880393,37,35.129677557334915,-0.02679136219511835,0.05358233191463757
2022-05-01,Q3,30.360779836066374,37,34.79436608604125,-0.036159867981546356,0.04655218421020435
2022-06-01,Q3,30.44499831489486,37,34.41811318352501,-0.041585897437461106,0.04524410055506345
2022-07-01,Q3,30.642965179357688,37,34.64600735726566,-0.034432770141144764,0.0478800474487906
2022-08-01,Q3,30.692375136959072,37,34.71417466051218,-0.03458936245590394,0.04517954991673867
2022-09-01,Q3,30.811032636064304,37,34.77359003944915,-0.03921923091066637,0.03958083377152466
2022-10-01,Q3,31.02477125572586,37,34.87335367449313,-0.028163118130999143,0.04710980132812481
2022-11-01,Q3,31.106791625508958,37,35.000900399088344,-0.023242319514021226,0.04620830448559232
2022-12-01,Q3,31.200829657009816,37,35.21482332538788,-0.02005808662352604,0.043191297280497754
2023-01-01,Q3,31.34816374677584,37,35.100470942591066,-0.01898691714657097,0.04389746324804156
2023-02-01,Q3,31.444518598830786,37,35.01291331018593,-0.015102704202118789,0.04434188578661269
2023-03-01,Q3,31.57932390049695,37,35.04698551593736,-0.005774984522679216,0.04378687521430158
2023-04-01,Q3,31.740868663858016,37,35.04895516269012,-0.002297840465886658,0.04689207261879447
2023-05-01,Q3,31.868163324573445,37,35.101116804708596,0.008816103098668204,0.04964903723310843
2023-06-01,Q3,31.96808699456878,37,35.097849560126555,0.01974937943219146,0.05002755013879456
2023-07-01,Q3,32.09272112654659,37,35.167602981345794,0.015054999518458123,0.0473112160883673
2023-08-01,Q3,32.1638718372645,37,35.09231722410109,0.01089303050661461,0.047943396160744944
2023-09-01,Q3,32.24479328990505,37,35.09339468354098,0.009196768114221987,0.04653400198481261
2023-10-01,Q3,32.264412910801454,37,35.12821499868455,0.007308196583852622,0.039956512325511895
2023-11-01,Q3,32.37160661993917,37,35.31609011384827,0.00900518875703371,0.04066041299460177
2023-12-01,Q3,32.50773088552304,37,35.49985881489085,0.008094190530766321,0.04188674605386988
2024-01-01,Q3,32.69049221454103,37,35.50602295602044,0.011554033394385987,0.0428200030664716
2024-02-01,Q3,32.70313576030867,37,35.30125228626733,0.008235218061603433,0.040026599787877926
2024-03-01,Q3,32.80982774239206,37,35.18895309205107,0.0040507785198573565,0.03896549038770725
2024-04-01,Q3,32.88261364172319,37,35.13024454853621,0.0023193098187594963,0.03597081699169835
2024-05-01,Q3,33.01173694906942,37,35.2096884544456,0.003093110978236391,0.035884516244278464
2024-06-01,Q3,33.15330166102941,37,35.34874827854421,0.007148549599536924,0.03707493246818272
2024-07-01,Q3,33.098735567206994,37,35.24961671107966,0.0023320818816503497,0.031347121881423856
2024-08-01,Q3,33.24685267751937,37,35.37856487984423,0.008156989289568761,0.03367072365336776
2024-09-01,Q3,33.335112128318876,37,35.41566902973432,0.009183333476270539,0.03381379525714556
2024-10-01,Q3,33.48658936111124,37,35.535688910313006,0.011599619042519382,0.0378800151637233
2024-11-01,Q3,33.57870286746443,37,35.65275263331749,0.009532836686731772,0.03728873459069382
2024-12-01,Q3,33.7023585579154,37,35.77134731620381,0.00764759383209368,0.036749032917716695
2025-01-01,Q3,33.71863833412567,37,35.55587217330324,0.0014039651059920555,0.03145092196339916
2025-02-01,Q3,33.90333697088858,37,35.59254304068628,0.008251570002582254,0.036699881606967466
2025-03-01,Q3,34.07583077754033,37,35.69342553873045,0.014336102735416079,0.03858609210290154
2025-04-01,Q3,34.01995518374664,37,35.52425875544022,0.011215811673603193,0.03458793009629657
2025-05-01,Q3,34.09706953194269,37,35.53057518488844,0.009113591869976512,0.03287717288392655
2025-06-01,Q3,34.25225331672057,37,35.571007704077864,0.006287617988118832,0.03314757808821622
2025-07-01,Q3,34.371412061426,37,35.64094379886729,0.011101598380348632,0.03845090975257448
2025-08-01,Q3,34.466228660186204,37,35.6368906233461,0.007301758688607718,0.03667643354077077
2025-09-01,Q3,34.58156416825825,37,35.66543215850724,0.00705233405482808,0.03739156584028658
2025-10-01,Q3,34.65986886284152,37,NA,NA,0.03503729475336881
2025-11-01,Q3,34.65591631316514,37,35.816880207403564,0.004603503571634304,0.032080257833439596
2025-12-01,Q3,34.71386466822969,37,35.884298254499505,0.003157581326117098,0.030012917599700817
2026-01-01,Q3,34.824696626080495,37,35.866272538845095,0.008729932541913898,0.032802578828796225
2026-02-01,Q3,34.940211550253636,37,35.81642996191369,0.0062902760550569425,0.030583260292500913
2026-03-01,Q3,35.01879526850184,37,35.52433138320645,-0.004737403400537077,0.02767253121772817
2026-04-01,Q3,35.147553240783644,37,35.35441530417905,-0.0047810554593250565,0.033145195252218596
2026-05-01,Q3,35.17985464093208,37,35.16484308035983,-0.010293447337271444,0.03175595802961961
2026-06-01,Q3,35.20392007730578,37,35.31228783626355,-0.007273335351268506,0.02778406289902824
2026-07-01,Q3,35.27177980667937,37,35.38395893495245,-0.007210383242516882,0.0261952503913514
2006-03-01,Q4,19.083923269426535,41,NA,NA,NA
2006-04-01,Q4,19.14170781354914,41,NA,NA,NA
2006-05-01,Q4,19.074107747671466,41,NA,NA,NA
2006-06-01,Q4,19.106569872958257,41,NA,NA,NA
2006-07-01,Q4,19.151599305658046,41,NA,NA,NA
2006-08-01,Q4,19.158958758476565,41,NA,NA,NA
2006-09-01,Q4,19.242418502109853,41,NA,NA,NA
2006-10-01,Q4,19.30936436658022,41,NA,NA,NA
2006-11-01,Q4,19.410460110875153,41,NA,NA,NA
2006-12-01,Q4,19.51401109173792,41,NA,NA,NA
2007-01-01,Q4,19.580789992450296,41,NA,NA,NA
2007-02-01,Q4,19.639073870672096,41,NA,NA,NA
2007-03-01,Q4,19.66307972407238,41,NA,NA,0.030347871685990402
2007-04-01,Q4,19.72618635591026,41,NA,NA,0.030534294434658937
2007-05-01,Q4,19.75445720243218,41,NA,NA,0.03566874339607162
2007-06-01,Q4,19.9269499263623,41,NA,NA,0.042937066090818155
2007-07-01,Q4,19.907439803888522,41,NA,NA,0.03946618170980498
2007-08-01,Q4,19.91908855340244,41,NA,NA,0.03967490115242134
2007-09-01,Q4,19.994741629298513,41,NA,NA,0.03909711906048452
2007-10-01,Q4,20.03680871091484,41,NA,NA,0.03767313778560477
2007-11-01,Q4,20.017598370626008,41,NA,NA,0.03127892158572232
2007-12-01,Q4,20.08251456723612,41,NA,NA,0.029133091747544526
2008-01-01,Q4,20.05889407989094,41,NA,NA,0.024416996843589445
2008-02-01,Q4,20.11704337345961,41,NA,NA,0.024337680378161197
2008-03-01,Q4,20.27955484101465,41,NA,NA,0.03135191056503506
2008-04-01,Q4,20.298173282973437,41,NA,NA,0.028996325835267234
2008-05-01,Q4,20.445396661814094,41,NA,NA,0.03497638291457794
2008-06-01,Q4,20.536719451769006,41,NA,NA,0.030600243773384106
2008-07-01,Q4,20.663090776893164,41,NA,NA,0.03795821966303481
2008-08-01,Q4,20.76862852595924,41,NA,NA,0.04264954042847946
2008-09-01,Q4,20.774573743636456,41,NA,NA,0.03900186002880113
2008-10-01,Q4,20.9609301532209,41,NA,NA,0.04612118903958273
2008-11-01,Q4,21.10876261865301,41,NA,NA,0.05451024782414393
2008-12-01,Q4,21.12925664350582,41,NA,NA,0.05212206234260219
2009-01-01,Q4,21.212654748084518,41,NA,NA,0.05751865798774136
2009-02-01,Q4,21.305924828996538,41,NA,NA,0.059098220024987436
2009-03-01,Q4,21.39693257676903,41,NA,NA,0.05509873093932627
2009-04-01,Q4,21.41858637270038,41,NA,NA,0.05519773006700901
2009-05-01,Q4,21.37715718928358,41,NA,NA,0.04557312058463192
2009-06-01,Q4,21.32914488017429,41,NA,NA,0.03858578436864346
2009-07-01,Q4,21.405495019213355,41,NA,NA,0.035929002603540594
2009-08-01,Q4,21.429910189926222,41,NA,NA,0.03184041079748856
2009-09-01,Q4,21.431044935747753,41,NA,NA,0.031599743042255435
2009-10-01,Q4,21.38920584778137,41,NA,NA,0.02043209396862844
2009-11-01,Q4,21.44209301947656,41,NA,NA,0.01579109144602331
2009-12-01,Q4,21.4840254137643,41,NA,NA,0.016790404709647877
2010-01-01,Q4,21.476969417401094,41,NA,NA,0.012460235291409827
2010-02-01,Q4,21.4765055777118,41,NA,NA,0.008006258826329438
2010-03-01,Q4,21.418251755572744,41,NA,NA,9.96366125248338e-4
2010-04-01,Q4,21.37378246350234,41,NA,NA,-0.002091823821535832
2010-05-01,Q4,21.401709213135906,41,NA,NA,0.0011485167852269829
2010-06-01,Q4,21.386541675594604,41,NA,NA,0.002691003120039115
2010-07-01,Q4,21.427359954969944,41,NA,NA,0.0010214636819640965
2010-08-01,Q4,21.49876067495841,41,NA,NA,0.003212821912084163
2010-09-01,Q4,21.535205083903332,41,NA,NA,0.004860245894115822
2010-10-01,Q4,21.575397337477824,41,NA,NA,0.008704927664052065
2010-11-01,Q4,21.56374855274275,41,NA,NA,0.005673678085235778
2010-12-01,Q4,21.548168746397476,41,NA,NA,0.00298562915458489
2011-01-01,Q4,21.69128183540307,41,NA,NA,0.009978708533632252
2011-02-01,Q4,21.68634717372623,41,NA,NA,0.009770751356878105
2011-03-01,Q4,21.721416000801348,41,NA,NA,0.014154481359559323
2011-04-01,Q4,21.794043838015995,41,NA,NA,0.019662470843955004
2011-05-01,Q4,21.836365030674852,41,NA,NA,0.020309397404211227
2011-06-01,Q4,21.881803985210478,41,NA,NA,0.023157662287262015
2011-07-01,Q4,21.99831058960316,41,NA,NA,0.026645869385359733
2011-08-01,Q4,21.91501600699593,41,NA,NA,0.019361829192432012
2011-09-01,Q4,21.89481557780571,41,NA,NA,0.01669872622532731
2011-10-01,Q4,21.950726813822907,41,NA,NA,0.017396179105036103
2011-11-01,Q4,21.94838867135927,41,NA,NA,0.01783734946063431
2011-12-01,Q4,21.943432789887705,41,NA,NA,0.018343277711536876
2012-01-01,Q4,21.931046489024467,41,NA,NA,0.011053503220361582
2012-02-01,Q4,21.93752255496729,41,NA,NA,0.011582189440615842
2012-03-01,Q4,21.9871250509769,41,NA,NA,0.012232584200116081
2012-04-01,Q4,22.037762662914684,41,NA,NA,0.011182817962105851
2012-05-01,Q4,22.034838435374155,41,NA,NA,0.009089122865481247
2012-06-01,Q4,22.05898860745493,41,NA,NA,0.008097349851237334
2012-07-01,Q4,22.088636708534388,41,NA,NA,0.004106047987790351
2012-08-01,Q4,22.052964607299053,41,NA,NA,0.006294706800993755
2012-09-01,Q4,22.065934971917347,41,NA,NA,0.007815521144882265
2012-10-01,Q4,22.09328245561327,41,NA,NA,0.006494347225923791
2012-11-01,Q4,22.126638390056748,41,NA,NA,0.008121312291597738
2012-12-01,Q4,22.20564200067019,41,NA,NA,0.0119493250346554
2013-01-01,Q4,22.265753938865892,41,NA,NA,0.015261809326286846
2013-02-01,Q4,22.29218543766771,41,NA,NA,0.016166952389987
2013-03-01,Q4,22.362486740667745,41,NA,NA,0.017071885879603288
2013-04-01,Q4,22.405986231558824,41,NA,NA,0.016708754617082322
2013-05-01,Q4,22.473131375155308,41,NA,NA,0.019890907803414182
2013-06-01,Q4,22.56855078316555,41,NA,NA,0.02309997909597783
2013-07-01,Q4,22.536831228307676,41,NA,NA,0.02029072801944909
2013-08-01,Q4,22.615862103666654,41,NA,NA,0.025524799336108073
2013-09-01,Q4,22.69185695208283,41,NA,NA,0.028365984988266923
2013-10-01,Q4,22.712414179748148,41,NA,NA,0.02802352820947962
2013-11-01,Q4,22.749943011376242,41,NA,NA,0.028169874263394457
2013-12-01,Q4,22.72737965661067,41,NA,NA,0.023495724911926974
2014-01-01,Q4,22.84160431356875,41,32.71037728483414,NA,0.0258626039021157
2014-02-01,Q4,22.896320792361408,41,32.6679311316726,NA,0.02710076840079001
2014-03-01,Q4,22.888094338013754,41,32.44723221317537,NA,0.023503986986838754
2014-04-01,Q4,22.94026066703009,41,32.41432357360522,NA,0.023845164856824752
2014-05-01,Q4,22.94630716530706,41,32.310020908930476,NA,0.021055178392934693
2014-06-01,Q4,22.952307648956708,41,32.25840077639166,NA,0.01700405442415076
2014-07-01,Q4,22.964040817187076,41,32.28748958212519,NA,0.018956062835612686
2014-08-01,Q4,23.066442867858918,41,32.48573496071246,NA,0.019923218585561342
2014-09-01,Q4,23.046135536381747,41,32.432727174095625,NA,0.015612586711040377
2014-10-01,Q4,23.024159766161834,41,32.48340811289455,NA,0.01372577938859787
2014-11-01,Q4,23.054627882854973,41,32.702970761075576,NA,0.013392775152288205
2014-12-01,Q4,23.07566381885115,41,32.919466918380486,NA,0.01532443103880543
2015-01-01,Q4,23.10628662774535,41,33.119007537481274,0.012492373569674253,0.011587728713931433
2015-02-01,Q4,23.083081543514634,41,32.94267540088502,0.008410213309959058,0.008156801821868731
2015-03-01,Q4,23.15533020570191,41,32.85026834903598,0.012421279362526239,0.011675758747827114
2015-04-01,Q4,23.152583226343733,41,32.779734188059216,0.011273121699554522,0.00925545539326822
2015-05-01,Q4,23.194005783025855,41,32.67184481906603,0.01119850436356562,0.010794705044883779
2015-06-01,Q4,23.217057306036864,41,32.59015687516753,0.010284331857475904,0.011534772935661186
2015-07-01,Q4,23.275412176984315,41,32.66988012371973,0.011843303599739619,0.01355908405998818
2015-08-01,Q4,23.352131097792284,41,32.8240524141831,0.010414338905362364,0.012385448054127446
2015-09-01,Q4,23.462772056488912,41,33.03099196655805,0.01844633012977903,0.018078368039164072
2015-10-01,Q4,23.516264547788317,41,33.12119298942192,0.019634173677551825,0.021373408915869252
2015-11-01,Q4,23.565521309714033,41,33.26077092530423,0.01705655942708928,0.022160124615977717
2015-12-01,Q4,23.53803315630733,41,33.33588562181514,0.01264961867296055,0.02003709800445508
2016-01-01,Q4,23.619779236523442,41,33.39645126817362,0.008377175263430292,0.022223069290653763
2016-02-01,Q4,23.643525462516198,41,33.4025336632787,0.013959347769954444,0.024279423782524567
2016-03-01,Q4,23.676388748886694,41,33.30554777645198,0.013859230085387253,0.022502747253264177
2016-04-01,Q4,23.756615378240642,41,33.26071118737716,0.014672998766815937,0.026089190393649986
2016-05-01,Q4,23.789760968020747,41,33.17290638960154,0.015336188492273584,0.025685739262464313
2016-06-01,Q4,23.849767006650044,41,33.14771075972596,0.017108045435131558,0.027251933450182175
2016-07-01,Q4,23.903726642119338,41,33.27655281420758,0.01856978624318173,0.02699477286835439
2016-08-01,Q4,23.88778205420021,41,33.223842459449635,0.012179789388033768,0.022937990291539867
2016-09-01,Q4,23.928582121868228,41,33.200773891940536,0.005140079521510632,0.019853155639829367
2016-10-01,Q4,24.033657057292196,41,33.305041765993074,0.005550789690150104,0.022001475125969394
2016-11-01,Q4,24.076860142019143,41,33.416889826824494,0.004693784815477331,0.021698600492845
2016-12-01,Q4,24.127681016473165,41,33.47646785388094,0.004217144060927769,0.025050855194663324
2017-01-01,Q4,24.21737973646481,41,33.40623978900004,2.931006276030157e-4,0.025300850357538263
2017-02-01,Q4,24.325883214563092,41,33.45067326434545,0.0014411960946443259,0.028860237155778012
2017-03-01,Q4,24.35306183919769,41,33.46084985252088,0.0046629491612415475,0.028580080243141515
2017-04-01,Q4,24.474277631748755,41,33.52797075576711,0.00803529325889385,0.03020894357558368
2017-05-01,Q4,24.494802509152183,41,33.527431709315046,0.010687195012392126,0.029636344059075892
2017-06-01,Q4,24.53026435764605,41,33.54554083208863,0.012001735964404237,0.02853266242836927
2017-07-01,Q4,24.633073123062413,41,33.70939038492172,0.013007283931445457,0.030511831559265623
2017-08-01,Q4,24.644631486841213,41,33.62452052778836,0.012059955702828917,0.031683537254473926
2017-09-01,Q4,24.719680956994466,41,33.549275894376066,0.010496803585657632,0.033060832066738044
2017-10-01,Q4,24.719417350629833,41,33.57013587004933,0.007959578790468047,0.028533331057479128
2017-11-01,Q4,24.748747579386084,41,33.60915017348249,0.005753388410900673,0.027905940949266794
2017-12-01,Q4,24.845587758329536,41,33.76050602491129,0.008484711477630302,0.029754485786106954
2018-01-01,Q4,24.945341123055353,41,33.712395637180755,0.009164630623334169,0.030059461201511928
2018-02-01,Q4,24.948594515865143,41,33.56458743860021,0.0034054374139065313,0.025598712935086976
2018-03-01,Q4,25.04768603918708,41,33.62187690602791,0.00481240178348008,0.028523074616898958
2018-04-01,Q4,25.04066269846526,41,33.4793658279593,-0.001449682957607834,0.023142054496504194
2018-05-01,Q4,25.060648525628338,41,33.36731498765832,-0.0047756930219096105,0.023100656405159237
2018-06-01,Q4,25.164850078317297,41,33.45273594972293,-0.0027665340925709936,0.02586950191074666
2018-07-01,Q4,25.23209446448874,41,33.5398641449586,-0.005029050897311649,0.024317767354228303
2018-08-01,Q4,25.329711768680262,41,33.65092782860928,7.853584350472342e-4,0.027798357715547173
2018-09-01,Q4,25.452768087474627,41,33.77516253012511,0.00673298095792596,0.02965601100416837
2018-10-01,Q4,25.521434765548364,41,33.806553246587946,0.007042490904826781,0.03244483490619565
2018-11-01,Q4,25.569802599401342,41,33.98444867340426,0.011166557261476973,0.0331756189836101
2018-12-01,Q4,25.749643623648826,41,34.33313147974145,0.01696140023516346,0.03638697840892102
2019-01-01,Q4,25.801875562394866,41,34.33730722369625,0.018536552348308755,0.03433644924373769
2019-02-01,Q4,25.94449210167746,41,34.381768697265215,0.02434653070471593,0.03991798356332321
2019-03-01,Q4,26.04663584711417,41,34.32349893417952,0.020868020845850488,0.03988191988530332
2019-04-01,Q4,26.139238889502792,41,34.26410006419791,0.02343933992869318,0.043871689989453344
2019-05-01,Q4,26.218449950935476,41,34.294926684802206,0.02780001020420686,0.046199978588866486
2019-06-01,Q4,26.318645324193973,41,34.41913232334477,0.028888410654191787,0.04584947823197316
2019-07-01,Q4,26.489782243360565,41,34.585152865604144,0.031165562153973703,0.04984476340804278
2019-08-01,Q4,26.57590615044219,41,34.69935469669675,0.031155957227310793,0.049198916795524905
2019-09-01,Q4,26.523307132573244,41,34.60356763840561,0.024527050241182957,0.04205982789060303
2019-10-01,Q4,26.654557592303696,41,34.69548274412617,0.02629459120112876,0.04439886852619068
2019-11-01,Q4,26.778209456381695,41,34.87513842376107,0.02620874503266113,0.0472591390677628
2019-12-01,Q4,26.809387485865052,41,34.94753796109754,0.017895439619850073,0.04115567103394557
2020-01-01,Q4,26.93175708691941,41,34.971372708468266,0.018465789429592983,0.04379067412336868
2020-02-01,Q4,27.043174551450413,41,35.020073648492954,0.018565215677182723,0.04234742562957772
2020-03-01,Q4,27.17037512981976,41,35.261539472665376,0.02732939728215622,0.043143355990447274
2020-04-01,Q4,29.305976684443294,41,38.289146842316995,0.11747125331112374,0.12114881417653778
2020-05-01,Q4,29.091796971423143,41,38.00857332654946,0.10828559792177539,0.10959255889897279
2020-06-01,Q4,28.33977450921714,41,36.82454669797383,0.06988596783997347,0.07679457510547483
2020-07-01,Q4,28.158614073115025,41,36.40500245931923,0.052619388463798655,0.06299907694306306
2020-08-01,Q4,28.192274469001152,41,36.33395186799685,0.047107422762986184,0.06082081677324358
2020-09-01,Q4,28.201654543642878,41,36.295490391230565,0.048894459973171545,0.06327821046902771
2020-10-01,Q4,28.30959091068731,41,36.41929260665637,0.04968398552754061,0.062091944788514875
2020-11-01,Q4,28.316025593742825,41,36.44982785697203,0.04515220596624481,0.05742789262538395
2020-12-01,Q4,28.437651686246888,41,36.5719594349493,0.04648171426725445,0.06073485271680745
2021-01-01,Q4,28.50693868866636,41,36.505777622043794,0.043876027583097166,0.0584878883566049
2021-02-01,Q4,28.604445439199583,41,36.43120568951873,0.04029494784019394,0.05773253006146928
2021-03-01,Q4,28.65479824121625,41,36.238647805746126,0.027710314061534458,0.05463388357002552
2021-04-01,Q4,28.860077160074923,41,36.20072587222771,-0.0545434187575361,-0.015215310145424099
2021-05-01,Q4,29.006921622515886,41,36.09553894058349,-0.050331654638289036,-0.0029175010739498353
2021-06-01,Q4,29.23573377149244,41,36.045381966516025,-0.021158841080878177,0.03161490441583803
2021-07-01,Q4,29.40060368798478,41,36.07511354600917,-0.009061636891212754,0.04410691561896041
2021-08-01,Q4,29.529722747321983,41,36.158844180394276,-0.004819395595578202,0.047440240403143985
2021-09-01,Q4,29.749467125790773,41,36.329249745898395,9.301253214637484e-4,0.05488375087187203
2021-10-01,Q4,29.838365343326704,41,36.13757460603124,-0.007735405617780855,0.05400199661882987
2021-11-01,Q4,29.940160542299214,41,36.08356591326216,-0.010048386103414964,0.05735744739951376
2021-12-01,Q4,30.138139624557365,41,36.21090957537688,-0.009872313793156673,0.059797059091657445
2022-01-01,Q4,30.343728299028953,41,36.15370589728086,-0.009644274076505033,0.06443307120497144
2022-02-01,Q4,30.357905827659785,41,35.84320691871266,-0.016139975597218137,0.061300275587837794
2022-03-01,Q4,30.50485760374495,41,35.54217402228311,-0.019219088614906288,0.06456368483054353
2022-04-01,Q4,30.5895775351685,41,35.44302212221254,-0.020930623123125214,0.059927087703222526
2022-05-01,Q4,30.77812704323131,41,35.27265852745718,-0.02279728845386797,0.0610614750425833
2022-06-01,Q4,30.853362726586106,41,34.8797697221899,-0.032337353101401733,0.05533054062323561
2022-07-01,Q4,30.968651557078235,41,35.014239758164905,-0.029407358246877235,0.05333386639724935
2022-08-01,Q4,31.082962023095675,41,35.15594240657117,-0.02773600198113879,0.05259918249366402
2022-09-01,Q4,31.176271322044904,41,35.185801486006454,-0.03147459052663304,0.047960663974958795
2022-10-01,Q4,31.283682384580345,41,35.16438239126855,-0.026930202853189256,0.048438211162827205
2022-11-01,Q4,31.38375198946442,41,35.31253209129253,-0.021368005141815694,0.04821588865983917
2022-12-01,Q4,31.567744830521207,41,35.62894221750218,-0.0160716028594442,0.04743508470572477
2023-01-01,Q4,31.639133606988217,41,35.42626926385972,-0.020120665789778558,0.04269103965054688
2023-02-01,Q4,31.749030944625407,41,35.351982402043,-0.01370481491189357,0.045824146265653676
2023-03-01,Q4,31.824654720718012,41,35.31925561677903,-0.006271940634929196,0.04326514596845832
2023-04-01,Q4,32.03069580243811,41,35.368988571120134,-0.0020888046972159513,0.047111414520608186
2023-05-01,Q4,32.138239216228435,41,35.3985912880218,0.0035702656341196626,0.04419086876490863
2023-06-01,Q4,32.38381051079807,41,35.55427353800491,0.019337966425446274,0.04960392154898541
2023-07-01,Q4,32.51643231156954,41,35.631910968034916,0.017640571782683745,0.04997895215549164
2023-08-01,Q4,32.5973263585615,41,35.56523676688922,0.011642252555333243,0.04872007803955758
2023-09-01,Q4,32.71695259179607,41,35.607265949075014,0.011978253877098055,0.049418394324203474
2023-10-01,Q4,32.81597008395262,41,35.72872860530388,0.01604880210196602,0.04898041351191873
2023-11-01,Q4,32.94423351906979,41,35.94080248629054,0.017791711831192325,0.04972259308349192
2023-12-01,Q4,33.03827581146354,41,36.07923699518187,0.012638454853102443,0.04658333969807549
2024-01-01,Q4,33.087842100911416,41,35.93759535616814,0.01443352921246066,0.045788500782563135
2024-02-01,Q4,33.17857988391629,41,35.81446829951173,0.013082318615377009,0.045026537716511994
2024-03-01,Q4,33.30176369176744,41,35.716560587670365,0.011248962186581002,0.04641398261857099
2024-04-01,Q4,33.40621597200127,41,35.68963675833042,0.00906580030032611,0.04294381171259043
2024-05-01,Q4,33.495398463478956,41,35.7255525928894,0.009236562613672117,0.04222879909877619
2024-06-01,Q4,33.61972154840028,41,35.84605498299713,0.008206649045446879,0.038164472250419745
2024-07-01,Q4,33.641535002554924,41,35.827689308691575,0.005494466486299032,0.03460104971556399
2024-08-01,Q4,33.80288037983594,41,35.970243807537095,0.011387722322853566,0.03698321782632363
2024-09-01,Q4,33.90990240278703,41,36.02633390596795,0.011769169738903296,0.036462742293733585
2024-10-01,Q4,34.04439931364765,41,36.12763217245456,0.01116478483064376,0.03743388437252837
2024-11-01,Q4,34.11991468133415,41,36.227393381004696,0.00797397038709624,0.03568700912661438
2024-12-01,Q4,34.22209589216125,41,36.322991340302515,0.006756083704131388,0.03583177546713712
2025-01-01,Q4,34.31833034042471,41,36.18823971163712,0.0069744331245569224,0.03718853093412822
2025-02-01,Q4,34.47414532783479,41,36.19179145773844,0.01053549518231578,0.039048248853668976
2025-03-01,Q4,34.68417302343425,41,36.3306460601503,0.017193298077304853,0.04151159513538172
2025-04-01,Q4,34.80560082172435,41,36.34464428454688,0.018352877353496,0.04188995398029949
2025-05-01,Q4,34.85495339701125,41,36.32032192907728,0.016648289334123767,0.04058930467761579
2025-06-01,Q4,34.906763027327194,41,36.250716853227956,0.011288881591649869,0.03828233607092901
2025-07-01,Q4,34.99726391458526,41,36.28991192054359,0.012901267728139043,0.04029925839969484
2025-08-01,Q4,35.10857538489218,41,36.301054962192204,0.009196800456097831,0.03862673802896133
2025-09-01,Q4,35.189452696313346,41,36.292373350403466,0.007384582764649261,0.03773382412982551
2025-10-01,Q4,35.3429002589172,41,NA,NA,0.03814139686550444
2025-11-01,Q4,35.43469085433343,41,36.62174348666433,0.010885412083398993,0.03853398184839407
2025-12-01,Q4,35.58334272797043,41,36.78309216061378,0.012666930870331772,0.03977684008889071
2026-01-01,Q4,35.74111799764686,41,36.81010326408982,0.017184133779591493,0.04145853376631803
2026-02-01,Q4,35.86707109339847,41,36.76653296469121,0.015880438182340306,0.04040493976913817
2026-03-01,Q4,36.00960210687043,41,36.529441644512644,0.005471842808223437,0.0382142334067086
2026-04-01,Q4,36.05803606624517,41,36.27025680580989,-0.002046724633060104,0.03598372718620335
2026-05-01,Q4,36.20657959460063,41,36.19112992125076,-0.003557017145354391,0.03877859718226695
2026-06-01,Q4,36.23109672200069,41,36.34262642516226,0.002535386329225675,0.0379391722353839
2026-07-01,Q4,36.33267595233245,41,36.448229177559526,0.0043625693377975505,0.03815761257812644
2006-03-01,Q5 (highest),16.86158640482858,42,NA,NA,NA
2006-04-01,Q5 (highest),17.004592573822677,42,NA,NA,NA
2006-05-01,Q5 (highest),16.98656741949251,42,NA,NA,NA
2006-06-01,Q5 (highest),17.04969849420462,42,NA,NA,NA
2006-07-01,Q5 (highest),17.095181171069328,42,NA,NA,NA
2006-08-01,Q5 (highest),17.10125171664194,42,NA,NA,NA
2006-09-01,Q5 (highest),17.255013320817742,42,NA,NA,NA
2006-10-01,Q5 (highest),17.294199683261507,42,NA,NA,NA
2006-11-01,Q5 (highest),17.313729886028,42,NA,NA,NA
2006-12-01,Q5 (highest),17.420049713587805,42,NA,NA,NA
2007-01-01,Q5 (highest),17.44850947338088,42,NA,NA,NA
2007-02-01,Q5 (highest),17.51306828065857,42,NA,NA,NA
2007-03-01,Q5 (highest),17.581302337528896,42,NA,NA,0.0426837615050395
2007-04-01,Q5 (highest),17.667167913706017,42,NA,NA,0.038964493680567536
2007-05-01,Q5 (highest),17.744325401168275,42,NA,NA,0.04460924699867386
2007-06-01,Q5 (highest),17.804599302778986,42,NA,NA,0.04427649021658442
2007-07-01,Q5 (highest),17.85850039595309,42,NA,NA,0.04465113398011544
2007-08-01,Q5 (highest),17.853274460100643,42,NA,NA,0.043974719273144114
2007-09-01,Q5 (highest),17.887022825087424,42,NA,NA,0.03662758715504322
2007-10-01,Q5 (highest),17.91406282128792,42,NA,NA,0.035842256327499156
2007-11-01,Q5 (highest),17.943544870327536,42,NA,NA,0.0363766206614895
2007-12-01,Q5 (highest),17.99775281090871,42,NA,NA,0.03316311415978879
2008-01-01,Q5 (highest),17.972328103305586,42,NA,NA,0.030020823883199377
2008-02-01,Q5 (highest),18.029035815220183,42,NA,NA,0.02946185821312919
2008-03-01,Q5 (highest),18.070591520768968,42,NA,NA,0.02783008754679339
2008-04-01,Q5 (highest),18.101522133708063,42,NA,NA,0.0245853903762967
2008-05-01,Q5 (highest),18.15255761347428,42,NA,NA,0.023006352908695238
2008-06-01,Q5 (highest),18.19665500022524,42,NA,NA,0.022019911303764017
2008-07-01,Q5 (highest),18.19551572016575,42,NA,NA,0.018871423509279284
2008-08-01,Q5 (highest),18.283824275078036,42,NA,NA,0.02411601389647644
2008-09-01,Q5 (highest),18.299798849768553,42,NA,NA,0.02307684340303906
2008-10-01,Q5 (highest),18.317287362887267,42,NA,NA,0.02250882703839685
2008-11-01,Q5 (highest),18.38090780323575,42,NA,NA,0.02437438845383677
2008-12-01,Q5 (highest),18.415004661636882,42,NA,NA,0.023183552697493948
2009-01-01,Q5 (highest),18.422908480189747,42,NA,NA,0.025070785170079768
2009-02-01,Q5 (highest),18.40957272498569,42,NA,NA,0.02110689188626802
2009-03-01,Q5 (highest),18.438333922534746,42,NA,NA,0.020350324522754093
2009-04-01,Q5 (highest),18.430399916823244,42,NA,NA,0.018168515370470262
2009-05-01,Q5 (highest),18.408587729212833,42,NA,NA,0.014104354944920239
2009-06-01,Q5 (highest),18.42092597159941,42,NA,NA,0.0123248460429346
2009-07-01,Q5 (highest),18.44329572326194,42,NA,NA,0.013617641121409951
2009-08-01,Q5 (highest),18.474608014955017,42,NA,NA,0.010434564290635384
2009-09-01,Q5 (highest),18.520203069309176,42,NA,NA,0.012044078809282155
2009-10-01,Q5 (highest),18.549707078153023,42,NA,NA,0.012688544469562801
2009-11-01,Q5 (highest),18.573103853794805,42,NA,NA,0.010456287176698664
2009-12-01,Q5 (highest),18.56544694828508,42,NA,NA,0.008169549202537318
2010-01-01,Q5 (highest),18.597075814349093,42,NA,NA,0.009453845702302122
2010-02-01,Q5 (highest),18.621701991033042,42,NA,NA,0.011522769659908949
2010-03-01,Q5 (highest),18.596456866163386,42,NA,NA,0.00857577177487756
2010-04-01,Q5 (highest),18.584572635012265,42,NA,NA,0.008365131461325115
2010-05-01,Q5 (highest),18.607143474916473,42,NA,NA,0.0107860390283252
2010-06-01,Q5 (highest),18.603704054942874,42,NA,NA,0.009922307034144984
2010-07-01,Q5 (highest),18.631342704595053,42,NA,NA,0.010195953269671598
2010-08-01,Q5 (highest),18.647954095735557,42,NA,NA,0.009382936874233971
2010-09-01,Q5 (highest),18.650933855400574,42,NA,NA,0.007058820338100791
2010-10-01,Q5 (highest),18.699550230646075,42,NA,NA,0.008077925536060349
2010-11-01,Q5 (highest),18.720809059029587,42,NA,NA,0.007952639817097928
2010-12-01,Q5 (highest),18.73658599712337,42,NA,NA,0.009218148602347487
2011-01-01,Q5 (highest),18.80505548616358,42,NA,NA,0.011183460985517701
2011-02-01,Q5 (highest),18.793317144134384,42,NA,NA,0.009215868301618135
2011-03-01,Q5 (highest),18.812845660196334,42,NA,NA,0.011636022689175407
2011-04-01,Q5 (highest),18.843761005201262,42,NA,NA,0.013946426171818516
2011-05-01,Q5 (highest),18.868836481057336,42,NA,NA,0.014064115026233948
2011-06-01,Q5 (highest),18.859608288199205,42,NA,NA,0.013755552792097836
2011-07-01,Q5 (highest),18.910609327037037,42,NA,NA,0.01498907657219517
2011-08-01,Q5 (highest),18.929930405254133,42,NA,NA,0.01512103194114256
2011-09-01,Q5 (highest),18.95811180771306,42,NA,NA,0.016469842995209483
2011-10-01,Q5 (highest),18.960212210651367,42,NA,NA,0.01393947858585931
2011-11-01,Q5 (highest),18.948355680205697,42,NA,NA,0.012154742909808114
2011-12-01,Q5 (highest),18.98883359771046,42,NA,NA,0.013462836859704286
2012-01-01,Q5 (highest),18.979293186962256,42,NA,NA,0.00926547124133048
2012-02-01,Q5 (highest),19.01648712202338,42,NA,NA,0.011874964710987701
2012-03-01,Q5 (highest),19.05553281184646,42,NA,NA,0.012900076683433293
2012-04-01,Q5 (highest),19.084319104089158,42,NA,NA,0.012765928140433092
2012-05-01,Q5 (highest),19.1050891826421,42,NA,NA,0.01252078801053469
2012-06-01,Q5 (highest),19.12805281880865,42,NA,NA,0.014233833837228538
2012-07-01,Q5 (highest),19.149987294540303,42,NA,NA,0.012658395261808009
2012-08-01,Q5 (highest),19.153799198688766,42,NA,NA,0.011826181535907532
2012-09-01,Q5 (highest),19.20470076663245,42,NA,NA,0.013007042126371715
2012-10-01,Q5 (highest),19.20044590508266,42,NA,NA,0.012670411689608363
2012-11-01,Q5 (highest),19.244115709828897,42,NA,NA,0.015608743820033188
2012-12-01,Q5 (highest),19.289598592157542,42,NA,NA,0.015839045242007188
2013-01-01,Q5 (highest),19.284368572146267,42,NA,NA,0.016074117311891234
2013-02-01,Q5 (highest),19.33453711614008,42,NA,NA,0.01672496040282634
2013-03-01,Q5 (highest),19.360347205367976,42,NA,NA,0.015996109714235596
2013-04-01,Q5 (highest),19.399433614828155,42,NA,NA,0.01651169785101092
2013-05-01,Q5 (highest),19.42445589671644,42,NA,NA,0.01671631631871695
2013-06-01,Q5 (highest),19.42771567728668,42,NA,NA,0.015666145494086514
2013-07-01,Q5 (highest),19.474064408073268,42,NA,NA,0.016923098096538247
2013-08-01,Q5 (highest),19.49955184422763,42,NA,NA,0.018051387192287827
2013-09-01,Q5 (highest),19.51870135302823,42,NA,NA,0.01635019416399075
2013-10-01,Q5 (highest),19.55090748472452,42,NA,NA,0.018252783366301317
2013-11-01,Q5 (highest),19.604006596831574,42,NA,NA,0.01870134707301019
2013-12-01,Q5 (highest),19.63949990741614,42,NA,NA,0.018139377737018236
2014-01-01,Q5 (highest),19.683531313919744,42,28.187850850462702,NA,0.020698771664736437
2014-02-01,Q5 (highest),19.797566599001705,42,28.246701646783993,NA,0.023948309705076776
2014-03-01,Q5 (highest),19.75652386789383,42,28.007771560169253,NA,0.020463303592820115
2014-04-01,Q5 (highest),19.820955579848334,42,28.006781484686496,NA,0.021728570709300676
2014-05-01,Q5 (highest),19.852020800588804,42,27.9530471953814,NA,0.022011679819800678
2014-06-01,Q5 (highest),19.912882888137172,42,27.98663065358829,NA,0.024972941693691242
2014-07-01,Q5 (highest),19.944150966633945,42,28.04151811459826,NA,0.02413910875049763
2014-08-01,Q5 (highest),20.00868212428608,42,28.179323015965178,NA,0.02610984519673276
2014-09-01,Q5 (highest),20.0423424032736,42,28.205502049096935,NA,0.026827658294189316
2014-10-01,Q5 (highest),20.085747644852585,42,28.337778430431825,NA,0.027356283105832713
2014-11-01,Q5 (highest),20.13718147527951,42,28.564575422459068,NA,0.027197240309749127
2014-12-01,Q5 (highest),20.17501407633928,42,28.781434574434567,NA,0.02726719984967252
2015-01-01,Q5 (highest),20.251526247711197,42,29.027184733269852,0.02977644117885525,0.02885635330027303
2015-02-01,Q5 (highest),20.261735489054026,42,28.91623347672276,0.02370300923311497,0.023445754695717413
2015-03-01,Q5 (highest),20.35774213524895,42,28.881354149669,0.0311907210333755,0.03043137909154936
2015-04-01,Q5 (highest),20.40157573978511,42,28.884821327703055,0.031350972745535,0.029293247623594976
2015-05-01,Q5 (highest),20.456071996784793,42,28.815100597056293,0.030839335534672108,0.03042769309299098
2015-06-01,Q5 (highest),20.483288198021246,42,28.75272119517074,0.027373446666907997,0.028645039148193163
2015-07-01,Q5 (highest),20.511619448167487,42,28.79055990156102,0.02671188428178617,0.028452877361533346
2015-08-01,Q5 (highest),20.57859613954009,42,28.925536408898854,0.02648088431758655,0.028483335969551993
2015-09-01,Q5 (highest),20.601068413936147,42,29.002273203052514,0.02824878467217662,0.027877280979457186
2015-10-01,Q5 (highest),20.6749277067098,42,29.119347132054802,0.027580450723817318,0.029333240279368233
2015-11-01,Q5 (highest),20.745093379768257,42,29.27997177147491,0.025044879485705662,0.030188529871224556
2015-12-01,Q5 (highest),20.770309351934465,42,29.4160795971293,0.022050499986490113,0.029506560607228005
2016-01-01,Q5 (highest),20.860341612191966,42,29.494830375542673,0.016110609642995266,0.03006269043794063
2016-02-01,Q5 (highest),20.8755741200875,42,29.492093655490095,0.01991477137680797,0.03029546167775643
2016-03-01,Q5 (highest),20.94739117267065,42,29.466670145218686,0.02026622410142065,0.028964363213970223
2016-04-01,Q5 (highest),21.03302247299383,42,29.447514923048352,0.019480598095499513,0.03095088052327921
2016-05-01,Q5 (highest),21.105595113068105,42,29.430053203299998,0.02134133122917259,0.03175209377369237
2016-06-01,Q5 (highest),21.156440684481282,42,29.404378513171388,0.02266419632344574,0.03286349730338056
2016-07-01,Q5 (highest),21.22165033561979,42,29.542814757326312,0.026128524708701528,0.03461603259784218
2016-08-01,Q5 (highest),21.237980421542684,42,29.538419016098747,0.021188288387673282,0.03204223833012798
2016-09-01,Q5 (highest),21.284788743138485,42,29.532525362329686,0.018283124069783607,0.033188585924981195
2016-10-01,Q5 (highest),21.3952077655487,42,29.648766582840725,0.018181020624708166,0.034838335062479686
2016-11-01,Q5 (highest),21.400254729492342,42,29.701960735045123,0.01441220527341236,0.03158150882863864
2016-12-01,Q5 (highest),21.44314650353405,42,29.751752939767037,0.011411219551856755,0.03239418056799037
2017-01-01,Q5 (highest),21.555664787072086,42,29.73458377926695,0.008128658502917885,0.03333230048705116
2017-02-01,Q5 (highest),21.556324955048975,42,29.64223648084099,0.005090951734548765,0.03260992157846454
2017-03-01,Q5 (highest),21.64746175893232,42,29.743383907396403,0.009390737426862472,0.03342041882404101
2017-04-01,Q5 (highest),21.655518952955614,42,29.66647747812513,0.007435688738046897,0.029596149614781186
2017-05-01,Q5 (highest),21.69735254723078,42,29.698402570439487,0.009118208699310015,0.02803794117116709
2017-06-01,Q5 (highest),21.745803912525943,42,29.737745278185553,0.011337317157199545,0.027857390419976147
2017-07-01,Q5 (highest),21.8127731478892,42,29.849920947602907,0.01039529214799817,0.02785470512051713
2017-08-01,Q5 (highest),21.860945763605628,42,29.82652915616557,0.009753742741268612,0.029332607418313783
2017-09-01,Q5 (highest),21.980812709465198,42,29.8321143891542,0.010144375502904257,0.03270053439224707
2017-10-01,Q5 (highest),21.98059047748698,42,29.850679664759568,0.006810168016760043,0.027360459330564746
2017-11-01,Q5 (highest),22.055724292717873,42,29.951986360566718,0.008417815502213433,0.030629054257107047
2017-12-01,Q5 (highest),22.149028590613955,42,30.0963865476946,0.011583640420289809,0.03291877369599505
2018-01-01,Q5 (highest),22.206255317054882,42,30.010656546079318,0.009284568059259923,0.030181881951188316
2018-02-01,Q5 (highest),22.271277818275372,42,29.96265986949682,0.010809690046934772,0.03316673248882984
2018-03-01,Q5 (highest),22.330432350260303,42,29.974467364539127,0.007769238962929803,0.031549684620469254
2018-04-01,Q5 (highest),22.40345070422535,42,29.953413412712276,0.009672059475167583,0.03453769696743536
2018-05-01,Q5 (highest),22.443067786084796,42,29.882104261660672,0.0061855748229378005,0.03436895064643242
2018-06-01,Q5 (highest),22.536371007184407,42,29.95858374765023,0.007426200856817333,0.036354926119934516
2018-07-01,Q5 (highest),22.611402418674636,42,30.056298588952775,0.006913842140893189,0.03661291782437659
2018-08-01,Q5 (highest),22.672140754915787,42,30.120302166529285,0.009849386391074244,0.037107040110801126
2018-09-01,Q5 (highest),22.769681730033255,42,30.21477658335891,0.012827189826807306,0.03588898331445045
2018-10-01,Q5 (highest),22.817027870605944,42,30.22420466257618,0.012513115346501902,0.03805345420432005
2018-11-01,Q5 (highest),22.87463139080606,42,30.402336248074555,0.01503572691595334,0.03712900502472105
2018-12-01,Q5 (highest),22.97325884100503,42,30.631255633455268,0.017771870550407964,0.03721292999460735
2019-01-01,Q5 (highest),22.95563461186585,42,30.5495108786344,0.017955432988535636,0.03374631535626027
2019-02-01,Q5 (highest),23.035386429243,42,30.526607534211397,0.018821682292922803,0.034309149982432396
2019-03-01,Q5 (highest),23.12781989711489,42,30.47716819354508,0.016770967867161035,0.0357085583631922
2019-04-01,Q5 (highest),23.16862626841952,42,30.370131745876204,0.013912215193046196,0.03415436194611998
2019-05-01,Q5 (highest),23.249145066509083,42,30.41094065562068,0.017697428177389618,0.03591653726252497
2019-06-01,Q5 (highest),23.29512054185754,42,30.46501165017759,0.016904267130687822,0.03366777794132192
2019-07-01,Q5 (highest),23.355229126311816,42,30.492669291275824,0.014518444479502124,0.032896089055619804
2019-08-01,Q5 (highest),23.43472988522791,42,30.598016109237072,0.015860197552687305,0.033635514994179605
2019-09-01,Q5 (highest),23.479607658728746,42,30.63261258036119,0.013828862703966216,0.03117856178723377
2019-10-01,Q5 (highest),23.518019472760262,42,30.61273990264171,0.012855102207093516,0.030722301174789246
2019-11-01,Q5 (highest),23.579293974490803,42,30.70896665568306,0.010085751473389637,0.03080541809158799
2019-12-01,Q5 (highest),23.63203133878809,42,30.80567628580025,0.00569420510971419,0.028675622485357266
2020-01-01,Q5 (highest),23.70747829330765,42,30.78458849518819,0.007694971532856698,0.03275203208946209
2020-02-01,Q5 (highest),23.7861497191595,42,30.80232734490004,0.00903211437365381,0.03259173846388874
2020-03-01,Q5 (highest),23.919757276913977,42,31.042908364956098,0.018562753856207648,0.03424176525595812
2020-04-01,Q5 (highest),25.8669041956686,42,33.79589439275893,0.11280038807694326,0.11646257727964748
2020-05-01,Q5 (highest),25.48221294301975,42,33.29263435046356,0.09475845313289488,0.09604946203924936
2020-06-01,Q5 (highest),24.909322024023716,42,32.36703565831824,0.06243306354125622,0.06929354494069773
2020-07-01,Q5 (highest),24.811020287843462,42,32.07704939780936,0.05195937723257438,0.06233255746104249
2020-08-01,Q5 (highest),24.81261687885024,42,31.978279311464586,0.045109565185529554,0.05879679434627838
2020-09-01,Q5 (highest),24.802765544915584,42,31.921124950959822,0.042063417451527085,0.056353492163015106
2020-10-01,Q5 (highest),24.853650216241565,42,31.9733465038197,0.04444576361035146,0.05679180362225211
2020-11-01,Q5 (highest),24.915664815079808,42,32.07271057320835,0.04440865538772232,0.05667560877924305
2020-12-01,Q5 (highest),25.13580463707496,42,32.32565183982805,0.0493407623947677,0.0636328412369136
2021-01-01,Q5 (highest),25.255718999391142,42,32.34228941752892,0.05060002418366594,0.06530600542701093
2021-02-01,Q5 (highest),25.346852951392826,42,32.28226939120187,0.04804643589851554,0.06561394974219792
2021-03-01,Q5 (highest),25.395276068095725,42,32.11645245638808,0.03458258739196918,0.06168619414068366
2021-04-01,Q5 (highest),25.67397604090858,42,32.20423020881004,-0.04709637701702374,-0.007458494193994913
2021-05-01,Q5 (highest),25.780918209216324,42,32.081175288260496,-0.03638820074886007,0.01172210854938327
2021-06-01,Q5 (highest),25.94924900429042,42,31.993402300575656,-0.011543638462503392,0.0417485060116749
2021-07-01,Q5 (highest),26.16716191151941,42,32.107617488162305,9.529582965641659e-4,0.05465884143186206
2021-08-01,Q5 (highest),26.24254825078406,42,32.133732551980465,0.004861213419327104,0.05762920448558839
2021-09-01,Q5 (highest),26.380668035395203,42,32.21536283218506,0.00921765387896789,0.06361800613008972
2021-10-01,Q5 (highest),26.62966519136906,42,32.25148232867108,0.008698990104715865,0.07145891889823464
2021-11-01,Q5 (highest),26.739388301154232,42,32.22602894469702,0.004780337200958273,0.0731958588947883
2021-12-01,Q5 (highest),26.87655990056411,42,32.292128591225904,-0.0010370478766600355,0.06925400991228114
2022-01-01,Q5 (highest),26.981604006815054,42,32.14782858210943,-0.006012587201513653,0.06833640362666049
2022-02-01,Q5 (highest),27.08082067273193,42,31.973992686178235,-0.009549412443341287,0.06840958617877746
2022-03-01,Q5 (highest),27.20793314096989,42,31.700823096590277,-0.012941322219887197,0.07137772662969466
2022-04-01,Q5 (highest),27.36982174155162,42,31.71240911554108,-0.015271940676116813,0.06605309975910623
2022-05-01,Q5 (highest),27.51897034615609,42,31.537567009317158,-0.016944774437308796,0.0674162232250688
2022-06-01,Q5 (highest),27.61845247921874,42,31.22269916232842,-0.024089439785319966,0.06432569492289875
2022-07-01,Q5 (highest),27.72009934838805,42,31.3413130990125,-0.02386674718023951,0.0593468042930938
2022-08-01,Q5 (highest),27.830642294888683,42,31.477452403988956,-0.020423402321217754,0.060515999777467355
2022-09-01,Q5 (highest),27.965948099478403,42,31.562603751796708,-0.020262353827541046,0.06009249128779515
2022-10-01,Q5 (highest),28.057807938415188,42,31.5383424265141,-0.02211184884122397,0.053629767283330354
2022-11-01,Q5 (highest),28.176183966888143,42,31.70342414364329,-0.01621685383422733,0.05373330345301475
2022-12-01,Q5 (highest),28.23821231687326,42,31.87106460613215,-0.013039214305871405,0.050663195786472937
2023-01-01,Q5 (highest),28.30390406644491,42,31.691819982544096,-0.014184740297486509,0.04900746669085598
2023-02-01,Q5 (highest),28.38024414298423,42,31.600898095389105,-0.011668689439289559,0.047983164393563094
2023-03-01,Q5 (highest),28.47231005311153,42,31.598796769077577,-0.0032184125693466292,0.04647089161792062
2023-04-01,Q5 (highest),28.628689823555295,42,31.612419830679922,-0.003153001857943316,0.045994749030189075
2023-05-01,Q5 (highest),28.689313404236007,42,31.599779710946347,0.001972653807150282,0.04252859185348812
2023-06-01,Q5 (highest),28.790010779673107,42,31.608631049804824,0.012360618967307113,0.042419404249238735
2023-07-01,Q5 (highest),28.97208249684727,42,31.74796835626139,0.012975054872914837,0.04516517537416487
2023-08-01,Q5 (highest),28.981542948622025,42,31.620244724972487,0.0045363366498312185,0.04135372233017831
2023-09-01,Q5 (highest),29.011634407692526,42,31.57460888429685,3.803593833560104e-4,0.037391412745760855
2023-10-01,Q5 (highest),29.13710362072076,42,31.723324495545697,0.005865307267260977,0.0384668568790032
2023-11-01,Q5 (highest),29.235177860156973,42,31.894375460739035,0.00602305026203398,0.03758471674210151
2023-12-01,Q5 (highest),29.332113466474542,42,32.031946199786276,0.005047888912476761,0.03873832866351967
2024-01-01,Q5 (highest),29.509582052702466,42,32.05115086397401,0.011338284820115563,0.04259758595235352
2024-02-01,Q5 (highest),29.545324006470022,42,31.892566641813225,0.009229754975434545,0.04105249615246209
2024-03-01,Q5 (highest),29.680172272262453,42,31.832358220619323,0.00739146661971346,0.042422347076784606
2024-04-01,Q5 (highest),29.81414209505878,42,31.852033242128133,0.007579723815247519,0.04140784223133087
2024-05-01,Q5 (highest),29.870019530976354,42,31.85879262992037,0.008196668500328075,0.041154910544705325
2024-06-01,Q5 (highest),29.98599745688896,42,31.97170184804222,0.011486444878467283,0.041541723841946876
2024-07-01,Q5 (highest),30.11274433859827,42,32.06958446793301,0.010130289537352288,0.03937106840266402
2024-08-01,Q5 (highest),30.220409215032348,42,32.15807277999573,0.0170089782574796,0.04274673258792894
2024-09-01,Q5 (highest),30.336981590257476,42,32.2304150418313,0.020770048488569115,0.045683299463250115
2024-10-01,Q5 (highest),30.441538790345792,42,32.30430668048947,0.018314038461679782,0.04476886881431086
2024-11-01,Q5 (highest),30.552665423628522,42,32.43980647306622,0.01710116609740786,0.04506514616649837
2024-12-01,Q5 (highest),30.61413279257432,42,32.4935352825733,0.014410272791670176,0.04370702191524911
2025-01-01,Q5 (highest),30.730123067389794,42,32.404521108676065,0.011025196761319744,0.041360837049725374
2025-02-01,Q5 (highest),30.809757253622607,42,32.34482824107441,0.01418078401592937,0.04279639129615531
2025-03-01,Q5 (highest),30.896803414650485,42,32.36348834061277,0.016685226910063022,0.04099137738243619
2025-04-01,Q5 (highest),30.94216539543921,42,32.310374426547256,0.014389699424679492,0.037835175561445444
2025-05-01,Q5 (highest),31.034126492146605,42,32.33886019423349,0.01506860507520491,0.03897242048881244
2025-06-01,Q5 (highest),31.14656337665753,42,32.34574483558998,0.011699189155633505,0.03870359561782544
2025-07-01,Q5 (highest),31.191480553790864,42,32.343559334553575,0.008543137404680712,0.035823244904645835
2025-08-01,Q5 (highest),31.353454866018335,42,32.418389976476114,0.00809492528552025,0.03749273025801325
2025-09-01,Q5 (highest),31.464930152349062,42,32.45111546315853,0.006847582354766013,0.03718064563330903
2025-10-01,Q5 (highest),31.547767019675646,42,NA,NA,0.03633943201585743
2025-11-01,Q5 (highest),31.655839023831668,42,32.716301134150505,0.008523314136101634,0.03610727852732554
2025-12-01,Q5 (highest),31.71472545608386,42,32.78403825683056,0.008940331414571068,0.03595047656474848
2026-01-01,Q5 (highest),31.77252137848709,42,32.722809425816294,0.009822342878414325,0.03392105878689011
2026-02-01,Q5 (highest),31.912645863002993,42,32.712940040665096,0.0113808549808041,0.0357967315451897
2026-03-01,Q5 (highest),31.9836656749213,42,32.445386243985354,0.0025305647682549726,0.0351771749874763
2026-04-01,Q5 (highest),32.04379118825249,42,32.23238595952442,-0.0024137283583676172,0.03560273751802967
2026-05-01,Q5 (highest),32.18591425927888,42,32.172180240011095,-0.005154169108660067,0.03711358743813031
2026-06-01,Q5 (highest),32.29493221757323,42,32.394345277892285,0.0015025297005628602,0.03686984104886304
2026-07-01,Q5 (highest),32.396222736313256,42,32.49925638093848,0.004813850101481387,0.038624078149954055
